id,group,gender,age_group,experience,experience_code,specialisation,familiarity,familiarity_code,bias_concern,privacy_protection,explanation_importance,inform_patients,trust,autonomy_undermined,guidelines_confidence,no_human_life_death,disparities_concern,continent,acc_ai_developers,acc_healthcare_professional,acc_hospital_clinic,acc_n_selected,age_group_code,privacy_protection_code,trust_code,autonomy_undermined_code,bias_concern_code_form,bias_concern_code,bias_concern_any,bias_concern_strong,explanation_importance_code_form,explanation_importance_code,explanation_importance_any,explanation_importance_strong,guidelines_confidence_code_form,guidelines_confidence_code,guidelines_confidence_any,guidelines_confidence_strong,disparities_concern_code_form,disparities_concern_code,disparities_concern_any,disparities_concern_strong
1,AI developer,Male,25-34,1-3 years,2.0,Mixed Realities (XR),Moderately familiar,3,Somewhat concerned,Neutral,Extremely important,Yes,Little trust,Agree,Neutral,Yes,Somewhat concerned,Europe,0,1,1,2,2,3,2,4,2,3,1,0,5,5,1,1,3,2,0,0,2,3,1,0
2,AI developer,Female,35-44,1-3 years,2.0,Climate change,Somewhat familiar,2,Somewhat concerned,Neutral,Important,Not sure,Little trust,Neutral,Neutral,No,Neutral,Asia,1,1,1,3,3,3,2,3,2,3,1,0,4,4,1,1,3,2,0,0,3,2,0,0
3,AI developer,Male,35-44,4-6 years,3.0,Deep Learning,Somewhat familiar,2,Concerned,Neutral,Important,Yes,Little trust,Strongly agree,Not confident,No,Concerned,Asia,1,1,1,3,3,3,2,5,4,4,1,1,4,4,1,1,1,1,0,0,4,4,1,1
4,AI developer,Female,35-44,7-10 years,4.0,R,Moderately familiar,3,Not concerned,Strongly agree,Somewhat important,Not sure,Complete trust,Strongly agree,Confident,Not sure,Extremely concerned,Europe,0,0,1,1,3,5,3,5,1,1,0,0,2,3,1,0,4,4,1,1,5,5,1,1
5,AI developer,Male,35-44,4-6 years,3.0,AI,Very familiar,5,Neutral,Neutral,Extremely important,Not sure,Little trust,Neutral,Neutral,Not sure,Neutral,Europe,1,1,1,3,3,3,2,3,3,2,0,0,5,5,1,1,3,2,0,0,3,2,0,0
6,Patient,Male,35-44,,,,Familiar,4,Neutral,Agree,Important,Yes,Little trust,Agree,Neutral,Not sure,Concerned,Europe,0,1,1,2,3,4,2,4,3,2,0,0,4,4,1,1,3,2,0,0,4,4,1,1
7,Healthcare professional,Female,25-34,1-3 years,2.0,General medicine,Familiar,4,Neutral,Disagree,Important,Yes,Little trust,Agree,Somewhat confident,No,Concerned,Asia,1,0,1,2,2,2,2,4,3,2,0,0,4,4,1,1,2,3,1,0,4,4,1,1
8,AI developer,Female,35-44,More than 10 years,5.0,Implementing machine learning models using medical images,Somewhat familiar,2,Concerned,Neutral,Extremely important,Yes,Little trust,Neutral,Neutral,No,Somewhat concerned,Europe,0,1,1,2,3,3,2,3,4,4,1,1,5,5,1,1,3,2,0,0,2,3,1,0
9,Patient,Male,35-44,,,,Somewhat familiar,2,Somewhat concerned,Neutral,Important,Yes,Little trust,Neutral,Somewhat confident,Yes,Neutral,Europe,0,1,0,1,3,3,2,3,2,3,1,0,4,4,1,1,2,3,1,0,3,2,0,0
10,AI developer,Female,25-34,4-6 years,3.0,,Very familiar,5,Concerned,Disagree,Extremely important,Yes,Little trust,Neutral,Somewhat confident,No,Extremely concerned,Asia,0,1,1,2,2,2,2,3,4,4,1,1,5,5,1,1,2,3,1,0,5,5,1,1
11,AI developer,Male,25-34,4-6 years,3.0,Artificial intelligence,Familiar,4,Concerned,Agree,Extremely important,Yes,Little trust,Disagree,Neutral,No,Concerned,Asia,1,1,1,3,2,4,2,2,4,4,1,1,5,5,1,1,3,2,0,0,4,4,1,1
12,AI developer,Male,35-44,Less than 1 year,1.0,Mostly using AI tools and comparisons between different AI tools.,Somewhat familiar,2,Neutral,Disagree,Important,Yes,Little trust,Strongly disagree,Not confident,No,Extremely concerned,Europe,0,1,1,2,3,2,2,1,3,2,0,0,4,4,1,1,1,1,0,0,5,5,1,1
13,Patient,Male,25-34,,,,Not familiar at all,1,Not concerned,Disagree,Important,Yes,Little trust,Neutral,Not confident,No,Neutral,Europe,0,1,1,2,2,2,2,3,1,1,0,0,4,4,1,1,1,1,0,0,3,2,0,0
14,AI developer,Female,35-44,1-3 years,2.0,Machine learning in medical imaging,Somewhat familiar,2,Not concerned,Agree,Extremely important,Yes,Complete trust,Agree,Confident,No,Concerned,Asia,1,1,0,2,3,4,3,4,1,1,0,0,5,5,1,1,4,4,1,1,4,4,1,1
15,Healthcare professional,Female,25-34,7-10 years,4.0,anesthesia,Somewhat familiar,2,Neutral,Agree,Important,No,Little trust,Neutral,Not confident,No,Concerned,Asia,1,0,1,2,2,4,2,3,3,2,0,0,4,4,1,1,1,1,0,0,4,4,1,1
16,Healthcare professional,Female,25-34,1-3 years,2.0,Psychology,Familiar,4,Neutral,Neutral,Neutral,Not sure,Little trust,Neutral,Neutral,Not sure,Neutral,Asia,1,1,1,3,2,3,2,3,3,2,0,0,3,2,0,0,3,2,0,0,3,2,0,0
17,AI developer,Female,25-34,4-6 years,3.0,"Generative AI, Natural Language Processing",Very familiar,5,Neutral,Disagree,Neutral,Yes,Little trust,Agree,Neutral,No,Concerned,Asia,0,1,1,2,2,2,2,4,3,2,0,0,3,2,0,0,3,2,0,0,4,4,1,1
18,Patient,Female,25-34,,,,Not familiar at all,1,Extremely concerned,Strongly disagree,Not important,Yes,No trust,Agree,Not confident,No,Concerned,Europe,1,1,1,3,2,1,1,4,5,5,1,1,1,1,0,0,1,1,0,0,4,4,1,1
19,Healthcare professional,Female,25-34,7-10 years,4.0,Dental surgeon,Moderately familiar,3,Neutral,Agree,Important,Yes,Little trust,Agree,Not confident,No,Somewhat concerned,Asia,1,0,1,2,2,4,2,4,3,2,0,0,4,4,1,1,1,1,0,0,2,3,1,0
20,AI developer,Male,35-44,1-3 years,2.0,,Moderately familiar,3,Neutral,Neutral,Important,Yes,Little trust,Neutral,Not confident,No,Concerned,Europe,1,1,1,3,3,3,2,3,3,2,0,0,4,4,1,1,1,1,0,0,4,4,1,1
21,Patient,Female,25-34,,,,Very familiar,5,Somewhat concerned,Neutral,Extremely important,Yes,Little trust,Neutral,Neutral,No,Neutral,Asia,1,1,1,3,2,3,2,3,2,3,1,0,5,5,1,1,3,2,0,0,3,2,0,0
22,Healthcare professional,Male,35-44,More than 10 years,5.0,Veterinary pharmacology,Moderately familiar,3,Somewhat concerned,Neutral,Somewhat important,Yes,Little trust,Neutral,Neutral,Yes,Neutral,Asia,0,1,0,1,3,3,2,3,2,3,1,0,2,3,1,0,3,2,0,0,3,2,0,0
23,AI developer,Male,35-44,7-10 years,4.0,Machine Learning Engineer,Familiar,4,Somewhat concerned,Agree,Extremely important,Yes,Little trust,Neutral,Somewhat confident,No,Somewhat concerned,Europe,1,1,1,3,3,4,2,3,2,3,1,0,5,5,1,1,2,3,1,0,2,3,1,0
24,AI developer,Male,35-44,More than 10 years,5.0,Machine learning,Very familiar,5,Extremely concerned,Strongly disagree,Extremely important,Yes,No trust,Strongly agree,Not confident,No,Extremely concerned,Europe,0,1,1,2,3,1,1,5,5,5,1,1,5,5,1,1,1,1,0,0,5,5,1,1
25,Healthcare professional,Female,25-34,4-6 years,3.0,"My area of specialization is Computer Vision and Medical Image Processing, with a focus on Deep Learning for Biomedical Imaging.",Very familiar,5,Concerned,Agree,Important,Yes,Little trust,Agree,Confident,No,Concerned,Africa,1,1,0,2,2,4,2,4,4,4,1,1,4,4,1,1,4,4,1,1,4,4,1,1
26,Healthcare professional,Male,35-44,4-6 years,3.0,Bioinformatics,Very familiar,5,Concerned,Agree,Important,Not sure,Little trust,Neutral,Neutral,No,Neutral,Asia,1,1,1,3,3,4,2,3,4,4,1,1,4,4,1,1,3,2,0,0,3,2,0,0
27,AI developer,Male,25-34,Less than 1 year,1.0,,Very familiar,5,Neutral,Strongly agree,Extremely important,Yes,Complete trust,Neutral,Confident,Not sure,Concerned,Asia,1,1,0,2,2,5,3,3,3,2,0,0,5,5,1,1,4,4,1,1,4,4,1,1
28,Healthcare professional,Male,35-44,1-3 years,2.0,Application of VR in Healthcare,Familiar,4,Neutral,Agree,Extremely important,No,Little trust,Neutral,Not confident,No,Somewhat concerned,Asia,1,0,1,2,3,4,2,3,3,2,0,0,5,5,1,1,1,1,0,0,2,3,1,0
29,AI developer,Male,25-34,1-3 years,2.0,,Moderately familiar,3,Concerned,Neutral,Extremely important,Yes,Complete trust,Agree,Not confident,No,Concerned,Asia,1,1,1,3,2,3,3,4,4,4,1,1,5,5,1,1,1,1,0,0,4,4,1,1
30,AI developer,Male,25-34,4-6 years,3.0,"Machine Learning, Computer Vision, Natural Language Processing, Data Science",Familiar,4,Concerned,Neutral,Extremely important,Yes,Little trust,Agree,Somewhat confident,No,Concerned,Asia,1,1,1,3,2,3,2,4,4,4,1,1,5,5,1,1,2,3,1,0,4,4,1,1
31,AI developer,Male,35-44,7-10 years,4.0,Machine learning and medical imaging,Familiar,4,Somewhat concerned,Neutral,Not important,No,Little trust,Neutral,Somewhat confident,No,Not concerned,Asia,0,1,0,1,3,3,2,3,2,3,1,0,1,1,0,0,2,3,1,0,1,1,0,0
32,Healthcare professional,Male,25-34,1-3 years,2.0,Thyroid Scintigraphy Diagnosis and MRI images,Familiar,4,Concerned,Strongly agree,Extremely important,Not sure,Complete trust,Agree,Extremely confident,Yes,Concerned,Asia,1,0,0,1,2,5,3,4,4,4,1,1,5,5,1,1,5,5,1,1,4,4,1,1
33,AI developer,Male,25-34,1-3 years,2.0,"Detecting human values violation, software engineering",Not familiar at all,1,Somewhat concerned,Neutral,Important,Yes,Little trust,Neutral,Somewhat confident,Not sure,Neutral,Asia,1,1,0,2,2,3,2,3,2,3,1,0,4,4,1,1,2,3,1,0,3,2,0,0
34,AI developer,Male,35-44,7-10 years,4.0,"Deep Learning, Machine Learning",Familiar,4,Neutral,Agree,Extremely important,Yes,Little trust,Neutral,Somewhat confident,No,Neutral,Asia,0,1,1,2,3,4,2,3,3,2,0,0,5,5,1,1,2,3,1,0,3,2,0,0
35,AI developer,Male,25-34,Less than 1 year,1.0,"Machine learning, Deep learning.",Somewhat familiar,2,Neutral,Agree,Extremely important,Yes,Little trust,Disagree,Somewhat confident,No,Somewhat concerned,Europe,1,1,1,3,2,4,2,2,3,2,0,0,5,5,1,1,2,3,1,0,2,3,1,0
36,AI developer,Male,25-34,7-10 years,4.0,AI Engineer,Very familiar,5,Somewhat concerned,Agree,Extremely important,Yes,Little trust,Disagree,Neutral,No,Somewhat concerned,Europe,0,1,1,2,2,4,2,2,2,3,1,0,5,5,1,1,3,2,0,0,2,3,1,0
37,AI developer,Female,25-34,Less than 1 year,1.0,perinatal,Very familiar,5,Somewhat concerned,Neutral,Extremely important,Yes,Little trust,Disagree,Somewhat confident,Yes,Not concerned,Africa,1,1,1,3,2,3,2,2,2,3,1,0,5,5,1,1,2,3,1,0,1,1,0,0
38,Healthcare professional,Male,45-54,More than 10 years,5.0,Emergency Medicine,Familiar,4,Extremely concerned,Neutral,Extremely important,Yes,No trust,Agree,Somewhat confident,No,Concerned,Europe,1,1,1,3,4,3,1,4,5,5,1,1,5,5,1,1,2,3,1,0,4,4,1,1
39,Healthcare professional,Female,35-44,4-6 years,3.0,Adult healthcare nhs,Somewhat familiar,2,Not concerned,Disagree,Somewhat important,Yes,Little trust,Disagree,Confident,No,Neutral,Europe,0,1,1,2,3,2,2,2,1,1,0,0,2,3,1,0,4,4,1,1,3,2,0,0
40,AI developer,Male,25-34,1-3 years,2.0,Ai in healthcare,Very familiar,5,Neutral,Agree,Extremely important,Yes,Little trust,Disagree,Not confident,No,Neutral,Oceania (Australia and the Pacific),0,1,1,2,2,4,2,2,3,2,0,0,5,5,1,1,1,1,0,0,3,2,0,0
41,AI developer,Male,25-34,4-6 years,3.0,Software engineering,Familiar,4,Neutral,Agree,Important,No,Little trust,Neutral,Confident,Yes,Neutral,Asia,1,0,0,1,2,4,2,3,3,2,0,0,4,4,1,1,4,4,1,1,3,2,0,0
42,AI developer,Male,25-34,4-6 years,3.0,Generative Medical Imaging,Very familiar,5,Not concerned,Agree,Extremely important,No,Complete trust,Neutral,Somewhat confident,No,Somewhat concerned,Oceania (Australia and the Pacific),0,1,1,2,2,4,3,3,1,1,0,0,5,5,1,1,2,3,1,0,2,3,1,0
43,AI developer,Female,18-24,1-3 years,2.0,深度学习,Somewhat familiar,2,Somewhat concerned,Strongly agree,Important,Yes,Little trust,Agree,Neutral,No,Extremely concerned,Asia,1,1,0,2,1,5,2,4,2,3,1,0,4,4,1,1,3,2,0,0,5,5,1,1
44,AI developer,Female,18-24,1-3 years,2.0,medical computer vision,Moderately familiar,3,Concerned,Disagree,Extremely important,Yes,Little trust,Agree,Confident,Yes,Concerned,Asia,1,1,1,3,1,2,2,4,4,4,1,1,5,5,1,1,4,4,1,1,4,4,1,1
45,AI developer,Female,25-34,1-3 years,2.0,Medical Image segmentation,Very familiar,5,Neutral,Strongly agree,Extremely important,Yes,Complete trust,Neutral,Neutral,Not sure,Somewhat concerned,Asia,1,1,0,2,2,5,3,3,3,2,0,0,5,5,1,1,3,2,0,0,2,3,1,0
46,Patient,Male,35-44,,,,Not familiar at all,1,Concerned,Disagree,Somewhat important,Not sure,Little trust,Neutral,Neutral,Not sure,Neutral,Oceania (Australia and the Pacific),1,1,1,3,3,2,2,3,4,4,1,1,2,3,1,0,3,2,0,0,3,2,0,0
47,AI developer,Male,35-44,7-10 years,4.0,Data Science and Machine Learning,Very familiar,5,Concerned,Agree,Important,Yes,Little trust,Neutral,Somewhat confident,No,Concerned,Europe,1,1,1,3,3,4,2,3,4,4,1,1,4,4,1,1,2,3,1,0,4,4,1,1
48,Patient,Female,35-44,,,,Moderately familiar,3,Extremely concerned,Disagree,Extremely important,Yes,Little trust,Agree,Not confident,No,Concerned,North America,0,1,0,1,3,2,2,4,5,5,1,1,5,5,1,1,1,1,0,0,4,4,1,1
49,AI developer,Male,25-34,1-3 years,2.0,,Familiar,4,Neutral,Neutral,Important,Yes,Complete trust,Neutral,Neutral,Yes,Somewhat concerned,North America,1,1,0,2,2,3,3,3,3,2,0,0,4,4,1,1,3,2,0,0,2,3,1,0
50,Healthcare professional,Male,35-44,More than 10 years,5.0,GP,Familiar,4,Not concerned,Neutral,Neutral,Yes,Little trust,Neutral,Somewhat confident,No,Neutral,Oceania (Australia and the Pacific),1,1,1,3,3,3,2,3,1,1,0,0,3,2,0,0,2,3,1,0,3,2,0,0
51,AI developer,Male,25-34,7-10 years,4.0,Reinforcement Learning,Familiar,4,Somewhat concerned,Agree,Extremely important,Yes,Little trust,Neutral,Somewhat confident,No,Concerned,Europe,1,1,1,3,2,4,2,3,2,3,1,0,5,5,1,1,2,3,1,0,4,4,1,1
52,Healthcare professional,Female,25-34,4-6 years,3.0,Internal medicine,Moderately familiar,3,Not concerned,Agree,Important,Yes,Little trust,Agree,Neutral,No,Somewhat concerned,Europe,1,1,0,2,2,4,2,4,1,1,0,0,4,4,1,1,3,2,0,0,2,3,1,0
53,Healthcare professional,Female,25-34,1-3 years,2.0,GM,Very familiar,5,Somewhat concerned,Disagree,Extremely important,Yes,Little trust,Agree,Not confident,No,Neutral,Asia,0,0,1,1,2,2,2,4,2,3,1,0,5,5,1,1,1,1,0,0,3,2,0,0
54,Patient,Male,35-44,,,,Moderately familiar,3,Neutral,Strongly agree,Important,Yes,No trust,Agree,Not confident,Yes,Not concerned,Asia,0,1,0,1,3,5,1,4,3,2,0,0,4,4,1,1,1,1,0,0,1,1,0,0
55,Patient,Male,25-34,,,,Moderately familiar,3,Somewhat concerned,Neutral,Somewhat important,Yes,Little trust,Neutral,Somewhat confident,No,Somewhat concerned,Europe,1,1,1,3,2,3,2,3,2,3,1,0,2,3,1,0,2,3,1,0,2,3,1,0
56,Patient,Male,35-44,,,,Somewhat familiar,2,Somewhat concerned,Neutral,Neutral,Not sure,Little trust,Neutral,Neutral,Not sure,Neutral,Europe,1,0,0,1,3,3,2,3,2,3,1,0,3,2,0,0,3,2,0,0,3,2,0,0
57,Patient,Male,35-44,,,,Somewhat familiar,2,Neutral,Agree,Important,Yes,Complete trust,Agree,Confident,Yes,Neutral,Europe,0,0,1,1,3,4,3,4,3,2,0,0,4,4,1,1,4,4,1,1,3,2,0,0
58,AI developer,Male,25-34,4-6 years,3.0,Applications of AI in healthcare,Familiar,4,Somewhat concerned,Disagree,Extremely important,Yes,No trust,Agree,Not confident,No,Concerned,Europe,1,1,1,3,2,2,1,4,2,3,1,0,5,5,1,1,1,1,0,0,4,4,1,1
59,AI developer,Male,35-44,1-3 years,2.0,IT,Not familiar at all,1,Neutral,Neutral,Extremely important,Yes,Complete trust,Agree,Somewhat confident,Yes,Concerned,Asia,0,1,1,2,3,3,3,4,3,2,0,0,5,5,1,1,2,3,1,0,4,4,1,1
60,Patient,Male,35-44,,,,Familiar,4,Concerned,Neutral,Extremely important,Yes,Little trust,Disagree,Somewhat confident,No,Concerned,Asia,1,0,1,2,3,3,2,2,4,4,1,1,5,5,1,1,2,3,1,0,4,4,1,1
61,Patient,Male,35-44,,,,Somewhat familiar,2,Not concerned,Strongly agree,Important,Yes,Little trust,Neutral,Neutral,Yes,Neutral,Asia,1,1,1,3,3,5,2,3,1,1,0,0,4,4,1,1,3,2,0,0,3,2,0,0
62,AI developer,Male,25-34,7-10 years,4.0,Testing,Moderately familiar,3,Neutral,Agree,Extremely important,Yes,Little trust,Agree,Neutral,No,Neutral,Europe,1,1,1,3,2,4,2,4,3,2,0,0,5,5,1,1,3,2,0,0,3,2,0,0
63,Healthcare professional,Male,25-34,1-3 years,2.0,Anaesthesia and Emergency,Moderately familiar,3,Not concerned,Neutral,Important,Yes,Little trust,Neutral,Not confident,No,Somewhat concerned,Asia,0,0,1,1,2,3,2,3,1,1,0,0,4,4,1,1,1,1,0,0,2,3,1,0
64,Patient,Male,25-34,,,,Somewhat familiar,2,Neutral,Strongly agree,Extremely important,Yes,Little trust,Agree,Confident,No,Extremely concerned,Europe,1,1,0,2,2,5,2,4,3,2,0,0,5,5,1,1,4,4,1,1,5,5,1,1
65,Patient,Male,35-44,,,,Familiar,4,Concerned,Agree,Neutral,Yes,Little trust,Agree,Confident,Not sure,Concerned,Asia,0,0,1,1,3,4,2,4,4,4,1,1,3,2,0,0,4,4,1,1,4,4,1,1
66,AI developer,Male,35-44,1-3 years,2.0,,Somewhat familiar,2,Somewhat concerned,Neutral,Neutral,Yes,Little trust,Neutral,Somewhat confident,Not sure,Somewhat concerned,Asia,1,0,0,1,3,3,2,3,2,3,1,0,3,2,0,0,2,3,1,0,2,3,1,0
67,AI developer,Male,25-34,1-3 years,2.0,AI for software engineering,Somewhat familiar,2,Neutral,Disagree,Important,Yes,Little trust,Neutral,Somewhat confident,Yes,Somewhat concerned,Asia,1,0,0,1,2,2,2,3,3,2,0,0,4,4,1,1,2,3,1,0,2,3,1,0
68,Healthcare professional,Female,18-24,Less than 1 year,1.0,Volunteer at a hospital for nursing,Not familiar at all,1,Somewhat concerned,Agree,Extremely important,Yes,Little trust,Agree,Neutral,No,Extremely concerned,Africa,1,1,1,3,1,4,2,4,2,3,1,0,5,5,1,1,3,2,0,0,5,5,1,1
69,Healthcare professional,Female,35-44,Less than 1 year,1.0,Care assistant,Somewhat familiar,2,Neutral,Disagree,Extremely important,Yes,No trust,Agree,Neutral,No,Extremely concerned,Europe,0,1,0,1,3,2,1,4,3,2,0,0,5,5,1,1,3,2,0,0,5,5,1,1
70,AI developer,Male,25-34,1-3 years,2.0,Finance,Not familiar at all,1,Somewhat concerned,Agree,Important,Yes,Little trust,Neutral,Somewhat confident,Yes,Somewhat concerned,Europe,1,1,1,3,2,4,2,3,2,3,1,0,4,4,1,1,2,3,1,0,2,3,1,0
71,AI developer,Female,25-34,1-3 years,2.0,,Somewhat familiar,2,Somewhat concerned,Disagree,Extremely important,Yes,Little trust,Neutral,Not confident,No,Concerned,Asia,1,0,0,1,2,2,2,3,2,3,1,0,5,5,1,1,1,1,0,0,4,4,1,1
72,Healthcare professional,Female,18-24,Less than 1 year,1.0,Shamsabad,Somewhat familiar,2,Somewhat concerned,Neutral,Neutral,No,Little trust,Neutral,Somewhat confident,Yes,Neutral,Asia,0,1,0,1,1,3,2,3,2,3,1,0,3,2,0,0,2,3,1,0,3,2,0,0
73,AI developer,Male,35-44,4-6 years,3.0,Machine Learning,Very familiar,5,Neutral,Neutral,Neutral,Yes,Little trust,Neutral,Neutral,No,Neutral,Asia,0,1,0,1,3,3,2,3,3,2,0,0,3,2,0,0,3,2,0,0,3,2,0,0
74,Patient,Female,18-24,,,,Not familiar at all,1,Concerned,Agree,Important,Yes,Little trust,Neutral,Neutral,Not sure,Concerned,Africa,0,1,0,1,1,4,2,3,4,4,1,1,4,4,1,1,3,2,0,0,4,4,1,1
75,Healthcare professional,Female,45-54,More than 10 years,5.0,Nursing,Somewhat familiar,2,Neutral,Disagree,Important,Yes,Little trust,Neutral,Somewhat confident,No,Neutral,Asia,0,0,1,1,4,2,2,3,3,2,0,0,4,4,1,1,2,3,1,0,3,2,0,0
76,Patient,Female,45-54,,,,Somewhat familiar,2,Somewhat concerned,Agree,Important,Yes,Complete trust,Agree,Neutral,Yes,Concerned,Asia,1,0,0,1,4,4,3,4,2,3,1,0,4,4,1,1,3,2,0,0,4,4,1,1
77,Patient,Female,25-34,,,,Somewhat familiar,2,Neutral,Agree,Important,Yes,Complete trust,Neutral,Neutral,Not sure,Concerned,Africa,1,1,1,3,2,4,3,3,3,2,0,0,4,4,1,1,3,2,0,0,4,4,1,1
78,AI developer,Female,25-34,1-3 years,2.0,Machine learning,Very familiar,5,Extremely concerned,Strongly agree,Extremely important,Yes,Complete trust,Strongly agree,Extremely confident,Yes,Extremely concerned,Europe,0,1,1,2,2,5,3,5,5,5,1,1,5,5,1,1,5,5,1,1,5,5,1,1
79,Patient,Female,25-34,,,,Not familiar at all,1,Neutral,Disagree,Important,Yes,No trust,Agree,Confident,No,Concerned,Africa,1,1,1,3,2,2,1,4,3,2,0,0,4,4,1,1,4,4,1,1,4,4,1,1
80,AI developer,Female,25-34,1-3 years,2.0,Artificial intelligence,Very familiar,5,Extremely concerned,Strongly agree,Extremely important,Yes,Complete trust,Strongly agree,Extremely confident,Yes,Extremely concerned,Europe,1,0,0,1,2,5,3,5,5,5,1,1,5,5,1,1,5,5,1,1,5,5,1,1
81,Patient,Male,35-44,,,,Moderately familiar,3,Concerned,Agree,Extremely important,Yes,Little trust,Agree,Neutral,No,Neutral,Europe,1,1,1,3,3,4,2,4,4,4,1,1,5,5,1,1,3,2,0,0,3,2,0,0
82,Patient,Female,25-34,,,,Very familiar,5,Not concerned,Strongly disagree,Important,No,Little trust,Neutral,Neutral,No,Somewhat concerned,Asia,0,1,0,1,2,1,2,3,1,1,0,0,4,4,1,1,3,2,0,0,2,3,1,0
83,Patient,Female,35-44,,,,Somewhat familiar,2,Somewhat concerned,Neutral,Somewhat important,Yes,Little trust,Agree,Neutral,No,Concerned,Africa,1,1,1,3,3,3,2,4,2,3,1,0,2,3,1,0,3,2,0,0,4,4,1,1
84,Healthcare professional,Female,18-24,Less than 1 year,1.0,Nutritionist,Somewhat familiar,2,Somewhat concerned,Agree,Somewhat important,Yes,Little trust,Agree,Neutral,Yes,Neutral,Asia,1,1,0,2,1,4,2,4,2,3,1,0,2,3,1,0,3,2,0,0,3,2,0,0
85,AI developer,Female,25-34,1-3 years,2.0,Geo AI,Moderately familiar,3,Concerned,Agree,Important,Yes,Little trust,Agree,Confident,No,Somewhat concerned,Europe,1,0,0,1,2,4,2,4,4,4,1,1,4,4,1,1,4,4,1,1,2,3,1,0
86,Healthcare professional,Male,25-34,Less than 1 year,1.0,,Somewhat familiar,2,Somewhat concerned,Agree,Extremely important,Yes,Little trust,Neutral,Somewhat confident,No,Neutral,Europe,0,1,1,2,2,4,2,3,2,3,1,0,5,5,1,1,2,3,1,0,3,2,0,0
87,Patient,Male,35-44,,,,Somewhat familiar,2,Somewhat concerned,Neutral,Somewhat important,Not sure,Little trust,Neutral,Not confident,Yes,Concerned,Asia,0,0,1,1,3,3,2,3,2,3,1,0,2,3,1,0,1,1,0,0,4,4,1,1
88,Patient,Female,25-34,,,,Somewhat familiar,2,Concerned,Disagree,Important,Yes,Little trust,Neutral,Neutral,No,Concerned,Africa,0,1,1,2,2,2,2,3,4,4,1,1,4,4,1,1,3,2,0,0,4,4,1,1
89,Patient,Female,25-34,,,,Familiar,4,Concerned,Agree,Neutral,Not sure,Complete trust,Neutral,Confident,Not sure,Concerned,Asia,0,1,0,1,2,4,3,3,4,4,1,1,3,2,0,0,4,4,1,1,4,4,1,1
90,Healthcare professional,Male,18-24,Less than 1 year,1.0,Nhs analysts,Familiar,4,Neutral,Neutral,Neutral,Yes,Little trust,Neutral,Neutral,Not sure,Neutral,Asia,1,0,0,1,1,3,2,3,3,2,0,0,3,2,0,0,3,2,0,0,3,2,0,0
91,Healthcare professional,Female,25-34,1-3 years,2.0,No i am not,Not familiar at all,1,Neutral,Strongly disagree,Neutral,Yes,Little trust,Strongly disagree,Somewhat confident,Yes,Concerned,North America,1,0,0,1,2,1,2,1,3,2,0,0,3,2,0,0,2,3,1,0,4,4,1,1
92,Patient,Female,25-34,,,,Somewhat familiar,2,Neutral,Neutral,Neutral,Not sure,Little trust,Neutral,Somewhat confident,No,Somewhat concerned,Africa,1,1,0,2,2,3,2,3,3,2,0,0,3,2,0,0,2,3,1,0,2,3,1,0
93,Healthcare professional,Female,25-34,More than 10 years,5.0,Pharmacist,Familiar,4,Concerned,Agree,Important,Yes,Little trust,Neutral,Confident,No,Somewhat concerned,Africa,1,0,0,1,2,4,2,3,4,4,1,1,4,4,1,1,4,4,1,1,2,3,1,0
94,AI developer,Female,35-44,1-3 years,2.0,,Moderately familiar,3,Somewhat concerned,Neutral,Important,Yes,Little trust,Neutral,Somewhat confident,No,Concerned,Europe,1,1,1,3,3,3,2,3,2,3,1,0,4,4,1,1,2,3,1,0,4,4,1,1
95,Patient,Female,35-44,,,,Familiar,4,Concerned,Agree,Extremely important,Yes,Little trust,Agree,Somewhat confident,No,Concerned,Europe,1,1,1,3,3,4,2,4,4,4,1,1,5,5,1,1,2,3,1,0,4,4,1,1
96,Healthcare professional,Female,45-54,1-3 years,2.0,Assignments,Very familiar,5,Neutral,Agree,Somewhat important,No,Little trust,Neutral,Somewhat confident,No,Neutral,Asia,0,0,1,1,4,4,2,3,3,2,0,0,2,3,1,0,2,3,1,0,3,2,0,0
97,Patient,Male,25-34,,,,Somewhat familiar,2,Neutral,Neutral,Important,Not sure,Little trust,Neutral,Somewhat confident,No,Not concerned,Europe,0,0,1,1,2,3,2,3,3,2,0,0,4,4,1,1,2,3,1,0,1,1,0,0
98,Patient,Female,25-34,,,,Not familiar at all,1,Somewhat concerned,Neutral,Somewhat important,Yes,Little trust,Neutral,Neutral,No,Somewhat concerned,Africa,0,1,1,2,2,3,2,3,2,3,1,0,2,3,1,0,3,2,0,0,2,3,1,0
99,AI developer,Male,25-34,Less than 1 year,1.0,Training models on the basis of giving data and erasing errors on similar based questions.,Moderately familiar,3,Not concerned,Agree,Extremely important,Yes,Little trust,Disagree,Confident,No,Extremely concerned,Europe,0,0,1,1,2,4,2,2,1,1,0,0,5,5,1,1,4,4,1,1,5,5,1,1
100,AI developer,Female,25-34,Less than 1 year,1.0,,Somewhat familiar,2,Somewhat concerned,Disagree,Somewhat important,Yes,Little trust,Agree,Neutral,Yes,Concerned,Asia,1,0,0,1,2,2,2,4,2,3,1,0,2,3,1,0,3,2,0,0,4,4,1,1
101,Healthcare professional,Male,35-44,More than 10 years,5.0,I am a operation theatre Nurse,Familiar,4,Concerned,Agree,Extremely important,Yes,Little trust,Strongly agree,Extremely confident,No,Extremely concerned,Asia,0,0,1,1,3,4,2,5,4,4,1,1,5,5,1,1,5,5,1,1,5,5,1,1
102,AI developer,Male,25-34,Less than 1 year,1.0,"My area of specialisation is Artificial Intelligence and Machine Learning, particularly deep learning, computer vision, natural language processing, and developing AI-based applications.",Somewhat familiar,2,Somewhat concerned,Agree,Important,Yes,Little trust,Agree,Confident,No,Neutral,Europe,1,0,0,1,2,4,2,4,2,3,1,0,4,4,1,1,4,4,1,1,3,2,0,0
103,Healthcare professional,Female,45-54,More than 10 years,5.0,Biomedical technology,Moderately familiar,3,Extremely concerned,Neutral,Not important,Yes,No trust,Strongly agree,Extremely confident,No,Extremely concerned,Africa,0,1,0,1,4,3,1,5,5,5,1,1,1,1,0,0,5,5,1,1,5,5,1,1
104,AI developer,Male,18-24,Less than 1 year,1.0,AI Chatbot,Somewhat familiar,2,Neutral,Neutral,Neutral,Yes,Little trust,Neutral,Somewhat confident,Yes,Neutral,Asia,0,1,1,2,1,3,2,3,3,2,0,0,3,2,0,0,2,3,1,0,3,2,0,0
105,AI developer,Male,18-24,1-3 years,2.0,Deep learning,Familiar,4,Concerned,Strongly disagree,Extremely important,No,Little trust,Strongly agree,Neutral,No,Concerned,Asia,0,1,0,1,1,1,2,5,4,4,1,1,5,5,1,1,3,2,0,0,4,4,1,1
106,Healthcare professional,Female,25-34,1-3 years,2.0,Pgr Surgery,Familiar,4,Concerned,Disagree,Important,Not sure,Little trust,Agree,Not confident,No,Concerned,Asia,1,0,0,1,2,2,2,4,4,4,1,1,4,4,1,1,1,1,0,0,4,4,1,1
107,Healthcare professional,Female,25-34,Less than 1 year,1.0,Medicine,Somewhat familiar,2,Concerned,Neutral,Somewhat important,Not sure,Little trust,Agree,Neutral,No,Concerned,Asia,0,1,0,1,2,3,2,4,4,4,1,1,2,3,1,0,3,2,0,0,4,4,1,1
108,Healthcare professional,Female,25-34,1-3 years,2.0,Medicine,Somewhat familiar,2,Neutral,Neutral,Important,No,Little trust,Neutral,Not confident,No,Neutral,Asia,0,1,0,1,2,3,2,3,3,2,0,0,4,4,1,1,1,1,0,0,3,2,0,0
109,Healthcare professional,Female,25-34,1-3 years,2.0,surgery,Very familiar,5,Concerned,Neutral,Extremely important,No,Little trust,Neutral,Neutral,Not sure,Neutral,Asia,1,1,0,2,2,3,2,3,4,4,1,1,5,5,1,1,3,2,0,0,3,2,0,0
110,Healthcare professional,Male,35-44,1-3 years,2.0,Administrator,Somewhat familiar,2,Concerned,Agree,Somewhat important,No,No trust,Disagree,Somewhat confident,No,Somewhat concerned,Europe,1,0,0,1,3,4,1,2,4,4,1,1,2,3,1,0,2,3,1,0,2,3,1,0
111,Healthcare professional,Female,18-24,Less than 1 year,1.0,Medical student,Somewhat familiar,2,Not concerned,Neutral,Extremely important,Yes,Little trust,Strongly disagree,Not confident,No,Somewhat concerned,Asia,0,0,1,1,1,3,2,1,1,1,0,0,5,5,1,1,1,1,0,0,2,3,1,0
112,AI developer,Male,35-44,Less than 1 year,1.0,Emailing,Somewhat familiar,2,Neutral,Agree,Important,Yes,Little trust,Agree,Somewhat confident,No,Neutral,Asia,1,1,0,2,3,4,2,4,3,2,0,0,4,4,1,1,2,3,1,0,3,2,0,0
113,Patient,Female,45-54,,,,Somewhat familiar,2,Somewhat concerned,Disagree,Extremely important,Yes,Little trust,Agree,Neutral,Not sure,Neutral,Europe,1,0,0,1,4,2,2,4,2,3,1,0,5,5,1,1,3,2,0,0,3,2,0,0
114,Healthcare professional,Male,25-34,1-3 years,2.0,AI drug optimization,Very familiar,5,Extremely concerned,Strongly agree,Important,Yes,Complete trust,Agree,Somewhat confident,Yes,Concerned,Asia,0,1,0,1,2,5,3,4,5,5,1,1,4,4,1,1,2,3,1,0,4,4,1,1
115,Healthcare professional,Female,18-24,Less than 1 year,1.0,,Moderately familiar,3,Concerned,Neutral,Extremely important,Yes,Little trust,Agree,Somewhat confident,No,Concerned,Asia,1,1,1,3,1,3,2,4,4,4,1,1,5,5,1,1,2,3,1,0,4,4,1,1
116,Healthcare professional,Female,18-24,Less than 1 year,1.0,I'm not a healthcare professional or AI developer. My level of experience is very little to be very honest.,Somewhat familiar,2,Neutral,Agree,Important,Yes,Little trust,Agree,Neutral,Not sure,Neutral,Asia,1,1,1,3,1,4,2,4,3,2,0,0,4,4,1,1,3,2,0,0,3,2,0,0
117,Patient,Male,25-34,,,,Not familiar at all,1,Not concerned,Agree,Neutral,Yes,Little trust,Neutral,Not confident,No,Somewhat concerned,North America,0,1,1,2,2,4,2,3,1,1,0,0,3,2,0,0,1,1,0,0,2,3,1,0
118,AI developer,Male,45-54,4-6 years,3.0,Product Management,Somewhat familiar,2,Concerned,Neutral,Somewhat important,Yes,Little trust,Agree,Not confident,No,Somewhat concerned,Europe,0,0,1,1,4,3,2,4,4,4,1,1,2,3,1,0,1,1,0,0,2,3,1,0
119,Healthcare professional,Female,18-24,Less than 1 year,1.0,Germany,Somewhat familiar,2,Not concerned,Strongly agree,Extremely important,Yes,Complete trust,Agree,Confident,Yes,Neutral,Asia,0,1,0,1,1,5,3,4,1,1,0,0,5,5,1,1,4,4,1,1,3,2,0,0
120,Healthcare professional,Male,18-24,Less than 1 year,1.0,Research and drug designing,Familiar,4,Concerned,Neutral,Extremely important,No,Little trust,Agree,Confident,Not sure,Neutral,Asia,1,0,0,1,1,3,2,4,4,4,1,1,5,5,1,1,4,4,1,1,3,2,0,0
121,AI developer,Female,25-34,4-6 years,3.0,"Chat and voicebot, AI pipelines",Moderately familiar,3,Somewhat concerned,Neutral,Extremely important,Yes,Little trust,Agree,Somewhat confident,No,Somewhat concerned,Europe,0,0,1,1,2,3,2,4,2,3,1,0,5,5,1,1,2,3,1,0,2,3,1,0
122,AI developer,Male,18-24,Less than 1 year,1.0,Lahore,Familiar,4,Somewhat concerned,Strongly disagree,Not important,Yes,No trust,Strongly disagree,Somewhat confident,Not sure,Extremely concerned,Europe,1,0,0,1,1,1,1,1,2,3,1,0,1,1,0,0,2,3,1,0,5,5,1,1
123,AI developer,Male,18-24,Less than 1 year,1.0,Gen AI,Somewhat familiar,2,Neutral,Disagree,Extremely important,Yes,Little trust,Neutral,Neutral,No,Neutral,Asia,0,1,1,2,1,2,2,3,3,2,0,0,5,5,1,1,3,2,0,0,3,2,0,0
124,AI developer,Male,18-24,1-3 years,2.0,Cyber security,Familiar,4,Concerned,Strongly disagree,Not important,No,No trust,Strongly disagree,Not confident,No,Extremely concerned,Asia,1,1,0,2,1,1,1,1,4,4,1,1,1,1,0,0,1,1,0,0,5,5,1,1
125,AI developer,Female,18-24,1-3 years,2.0,Development,Familiar,4,Concerned,Neutral,Extremely important,Yes,Little trust,Neutral,Neutral,Not sure,Concerned,Asia,1,1,1,3,1,3,2,3,4,4,1,1,5,5,1,1,3,2,0,0,4,4,1,1
126,AI developer,Male,18-24,Less than 1 year,1.0,Ai / ML,Somewhat familiar,2,Neutral,Strongly agree,Neutral,Yes,Little trust,Neutral,Neutral,No,Neutral,Asia,1,0,0,1,1,5,2,3,3,2,0,0,3,2,0,0,3,2,0,0,3,2,0,0
127,Patient,Male,18-24,,,,Moderately familiar,3,Somewhat concerned,Neutral,Extremely important,Not sure,Little trust,Neutral,Neutral,No,Somewhat concerned,Asia,1,0,1,2,1,3,2,3,2,3,1,0,5,5,1,1,3,2,0,0,2,3,1,0
128,AI developer,Male,18-24,1-3 years,2.0,Prompt engineering,Very familiar,5,Not concerned,Strongly disagree,Somewhat important,Yes,Little trust,Neutral,Neutral,No,Neutral,Asia,0,1,0,1,1,1,2,3,1,1,0,0,2,3,1,0,3,2,0,0,3,2,0,0
129,AI developer,Male,18-24,Less than 1 year,1.0,Model training,Not familiar at all,1,Neutral,Strongly disagree,Extremely important,Yes,No trust,Disagree,Confident,No,Somewhat concerned,Asia,1,1,1,3,1,1,1,2,3,2,0,0,5,5,1,1,4,4,1,1,2,3,1,0
130,AI developer,Male,18-24,Less than 1 year,1.0,AI CHATBOT,Not familiar at all,1,Concerned,Neutral,Neutral,Yes,No trust,Disagree,Somewhat confident,No,Somewhat concerned,Asia,1,0,1,2,1,3,1,2,4,4,1,1,3,2,0,0,2,3,1,0,2,3,1,0
131,AI developer,Female,18-24,Less than 1 year,1.0,AI developer,Not familiar at all,1,Concerned,Neutral,Neutral,No,No trust,Neutral,Neutral,No,Neutral,Asia,1,0,0,1,1,3,1,3,4,4,1,1,3,2,0,0,3,2,0,0,3,2,0,0
132,AI developer,Female,18-24,1-3 years,2.0,Full stack app dev,Somewhat familiar,2,Neutral,Neutral,Neutral,Not sure,Little trust,Neutral,Neutral,Not sure,Neutral,Asia,1,1,1,3,1,3,2,3,3,2,0,0,3,2,0,0,3,2,0,0,3,2,0,0
133,AI developer,Female,18-24,1-3 years,2.0,Coding,Somewhat familiar,2,Somewhat concerned,Agree,Somewhat important,Yes,Little trust,Agree,Neutral,No,Somewhat concerned,Asia,1,0,0,1,1,4,2,4,2,3,1,0,2,3,1,0,3,2,0,0,2,3,1,0
134,AI developer,Male,18-24,1-3 years,2.0,Backend,Somewhat familiar,2,Neutral,Neutral,Neutral,Yes,No trust,Neutral,Neutral,No,Neutral,Asia,1,1,1,3,1,3,1,3,3,2,0,0,3,2,0,0,3,2,0,0,3,2,0,0
135,Patient,Male,18-24,,,,Moderately familiar,3,Not concerned,Agree,Neutral,No,Little trust,Neutral,Neutral,No,Somewhat concerned,Asia,1,0,0,1,1,4,2,3,1,1,0,0,3,2,0,0,3,2,0,0,2,3,1,0
136,AI developer,Male,18-24,1-3 years,2.0,Computer scientists,Somewhat familiar,2,Concerned,Neutral,Extremely important,Yes,No trust,Neutral,Neutral,No,Neutral,Asia,1,1,1,3,1,3,1,3,4,4,1,1,5,5,1,1,3,2,0,0,3,2,0,0
137,AI developer,Female,18-24,Less than 1 year,1.0,Development,Familiar,4,Not concerned,Agree,Extremely important,Yes,Little trust,Neutral,Somewhat confident,Not sure,Not concerned,Asia,1,1,1,3,1,4,2,3,1,1,0,0,5,5,1,1,2,3,1,0,1,1,0,0
138,Patient,Female,18-24,,,,Familiar,4,Neutral,Neutral,Important,Yes,Little trust,Neutral,Somewhat confident,No,Neutral,Asia,1,1,1,3,1,3,2,3,3,2,0,0,4,4,1,1,2,3,1,0,3,2,0,0
139,AI developer,Male,18-24,Less than 1 year,1.0,I am interested in Ai engineer,Somewhat familiar,2,Neutral,Agree,Neutral,No,Little trust,Neutral,Neutral,Yes,Neutral,Asia,1,0,0,1,1,4,2,3,3,2,0,0,3,2,0,0,3,2,0,0,3,2,0,0
140,AI developer,Male,18-24,Less than 1 year,1.0,cyber security,Somewhat familiar,2,Somewhat concerned,Agree,Important,Yes,Little trust,Neutral,Not confident,Yes,Neutral,Asia,1,1,1,3,1,4,2,3,2,3,1,0,4,4,1,1,1,1,0,0,3,2,0,0
141,AI developer,Female,18-24,Less than 1 year,1.0,Cyber security,Very familiar,5,Neutral,Neutral,Neutral,Yes,Little trust,Neutral,Somewhat confident,No,Somewhat concerned,Africa,1,0,0,1,1,3,2,3,3,2,0,0,3,2,0,0,2,3,1,0,2,3,1,0
142,AI developer,Female,18-24,Less than 1 year,1.0,Software development,Moderately familiar,3,Neutral,Neutral,Extremely important,Yes,Little trust,Neutral,Neutral,No,Neutral,Asia,1,1,0,2,1,3,2,3,3,2,0,0,5,5,1,1,3,2,0,0,3,2,0,0
143,Healthcare professional,Female,18-24,Less than 1 year,1.0,,Not familiar at all,1,Somewhat concerned,Neutral,Somewhat important,Not sure,Little trust,Neutral,Neutral,Not sure,Not concerned,Asia,0,0,1,1,1,3,2,3,2,3,1,0,2,3,1,0,3,2,0,0,1,1,0,0
144,AI developer,Female,18-24,1-3 years,2.0,Cyber Security,Moderately familiar,3,Concerned,Neutral,Neutral,No,No trust,Neutral,Somewhat confident,No,Neutral,Asia,1,1,0,2,1,3,1,3,4,4,1,1,3,2,0,0,2,3,1,0,3,2,0,0
145,AI developer,Male,18-24,Less than 1 year,1.0,AI/ML student of one month of experience,Somewhat familiar,2,Extremely concerned,Agree,Extremely important,Yes,Little trust,Strongly agree,Neutral,No,Not concerned,Asia,1,1,1,3,1,4,2,5,5,5,1,1,5,5,1,1,3,2,0,0,1,1,0,0
146,AI developer,Male,18-24,Less than 1 year,1.0,Chatbots formation and ai prompting,Moderately familiar,3,Concerned,Strongly agree,Extremely important,No,Little trust,Neutral,Neutral,No,Concerned,Asia,1,1,1,3,1,5,2,3,4,4,1,1,5,5,1,1,3,2,0,0,4,4,1,1
147,AI developer,Male,18-24,Less than 1 year,1.0,Ai,Not familiar at all,1,Neutral,Neutral,Somewhat important,Yes,Little trust,Agree,Confident,No,Not concerned,Asia,1,0,1,2,1,3,2,4,3,2,0,0,2,3,1,0,4,4,1,1,1,1,0,0
148,AI developer,Female,18-24,Less than 1 year,1.0,Web development,Somewhat familiar,2,Not concerned,Disagree,Extremely important,Yes,Little trust,Neutral,Neutral,Not sure,Neutral,Asia,0,1,0,1,1,2,2,3,1,1,0,0,5,5,1,1,3,2,0,0,3,2,0,0
149,AI developer,Male,18-24,1-3 years,2.0,Cybersecurity,Moderately familiar,3,Somewhat concerned,Strongly agree,Somewhat important,Yes,Little trust,Agree,Confident,Yes,Somewhat concerned,Asia,1,0,0,1,1,5,2,4,2,3,1,0,2,3,1,0,4,4,1,1,2,3,1,0
150,AI developer,Female,18-24,1-3 years,2.0,Full stack developer,Familiar,4,Neutral,Agree,Neutral,Yes,Complete trust,Neutral,Neutral,Not sure,Neutral,Africa,0,1,0,1,1,4,3,3,3,2,0,0,3,2,0,0,3,2,0,0,3,2,0,0
151,AI developer,Male,18-24,1-3 years,2.0,Web Development,Somewhat familiar,2,Neutral,Neutral,Neutral,Yes,Little trust,Neutral,Neutral,No,Neutral,Asia,1,1,1,3,1,3,2,3,3,2,0,0,3,2,0,0,3,2,0,0,3,2,0,0
152,AI developer,Male,18-24,Less than 1 year,1.0,AI model Making and Research,Somewhat familiar,2,Neutral,Neutral,Neutral,No,Little trust,Disagree,Neutral,Yes,Neutral,Asia,1,1,1,3,1,3,2,2,3,2,0,0,3,2,0,0,3,2,0,0,3,2,0,0
153,Healthcare professional,Male,18-24,Less than 1 year,1.0,,Somewhat familiar,2,Neutral,Neutral,Somewhat important,Yes,Little trust,Neutral,Neutral,Not sure,Neutral,Asia,0,0,1,1,1,3,2,3,3,2,0,0,2,3,1,0,3,2,0,0,3,2,0,0
154,Healthcare professional,Female,18-24,Less than 1 year,1.0,gaenocologists,Somewhat familiar,2,Concerned,Agree,Important,No,Complete trust,Agree,Confident,Yes,Not concerned,Asia,1,1,1,3,1,4,3,4,4,4,1,1,4,4,1,1,4,4,1,1,1,1,0,0
155,AI developer,Female,18-24,1-3 years,2.0,,Familiar,4,Neutral,Neutral,Neutral,Not sure,Little trust,Neutral,Neutral,Not sure,Neutral,Asia,0,0,1,1,1,3,2,3,3,2,0,0,3,2,0,0,3,2,0,0,3,2,0,0
156,AI developer,Male,18-24,Less than 1 year,1.0,"Artificial Intelligence, Machine Learning, and Software Development.",Somewhat familiar,2,Somewhat concerned,Agree,Extremely important,Yes,Little trust,Agree,Somewhat confident,No,Somewhat concerned,Asia,1,1,1,3,1,4,2,4,2,3,1,0,5,5,1,1,2,3,1,0,2,3,1,0
157,AI developer,Male,18-24,1-3 years,2.0,"Generative AI, LLMs, and RAG",Somewhat familiar,2,Concerned,Neutral,Important,Yes,No trust,Disagree,Neutral,No,Somewhat concerned,Asia,1,0,0,1,1,3,1,2,4,4,1,1,4,4,1,1,3,2,0,0,2,3,1,0
158,Healthcare professional,Male,18-24,Less than 1 year,1.0,,Somewhat familiar,2,Somewhat concerned,Neutral,Somewhat important,Yes,Little trust,Neutral,Somewhat confident,Yes,Somewhat concerned,Asia,0,1,1,2,1,3,2,3,2,3,1,0,2,3,1,0,2,3,1,0,2,3,1,0
159,Patient,Female,18-24,,,,Moderately familiar,3,Extremely concerned,Neutral,Extremely important,Yes,Little trust,Neutral,Somewhat confident,No,Concerned,Asia,1,1,1,3,1,3,2,3,5,5,1,1,5,5,1,1,2,3,1,0,4,4,1,1
160,AI developer,Female,18-24,,,,Somewhat familiar,2,Concerned,Agree,Extremely important,Yes,Little trust,Disagree,Somewhat confident,Not sure,Neutral,Asia,0,1,0,1,1,4,2,2,4,4,1,1,5,5,1,1,2,3,1,0,3,2,0,0
161,Healthcare professional,Male,18-24,Less than 1 year,1.0,Not familiar with it because of I'm student,Not familiar at all,1,Neutral,Agree,Neutral,Yes,Complete trust,Neutral,Neutral,Yes,Concerned,Asia,0,1,1,2,1,4,3,3,3,2,0,0,3,2,0,0,3,2,0,0,4,4,1,1
162,AI developer,Female,18-24,Less than 1 year,1.0,"Cyber Security, AI, Federated Learning",Moderately familiar,3,Concerned,Agree,Extremely important,Yes,Little trust,Agree,Somewhat confident,No,Concerned,Asia,1,0,0,1,1,4,2,4,4,4,1,1,5,5,1,1,2,3,1,0,4,4,1,1
163,AI developer,Male,18-24,1-3 years,2.0,Ai applications and chatbot,Familiar,4,Neutral,Agree,Extremely important,Yes,Little trust,Neutral,Neutral,No,Neutral,Asia,1,0,1,2,1,4,2,3,3,2,0,0,5,5,1,1,3,2,0,0,3,2,0,0
164,AI developer,Male,18-24,Less than 1 year,1.0,Islamabad,Not familiar at all,1,Somewhat concerned,Neutral,Neutral,Not sure,No trust,Neutral,Neutral,Yes,Neutral,Asia,1,0,0,1,1,3,1,3,2,3,1,0,3,2,0,0,3,2,0,0,3,2,0,0
165,AI developer,Male,18-24,Less than 1 year,1.0,Machine and deep learning engineer,Not familiar at all,1,Concerned,Agree,Extremely important,Yes,Little trust,Disagree,Somewhat confident,No,Neutral,Asia,1,0,0,1,1,4,2,2,4,4,1,1,5,5,1,1,2,3,1,0,3,2,0,0
166,Healthcare professional,Female,18-24,Less than 1 year,1.0,Currently pursuing Bs Biotechnology,Very familiar,5,Concerned,Neutral,Neutral,Not sure,Little trust,Strongly disagree,Somewhat confident,Not sure,Concerned,Asia,0,1,0,1,1,3,2,1,4,4,1,1,3,2,0,0,2,3,1,0,4,4,1,1
167,Healthcare professional,Male,18-24,Less than 1 year,1.0,Bachelor of Science in Computer Science,Moderately familiar,3,Neutral,Neutral,Neutral,Not sure,Little trust,Neutral,Neutral,Not sure,Neutral,Asia,1,1,1,3,1,3,2,3,3,2,0,0,3,2,0,0,3,2,0,0,3,2,0,0
168,Patient,Female,18-24,,,,Somewhat familiar,2,Neutral,Disagree,Somewhat important,Yes,No trust,Strongly disagree,Neutral,No,Neutral,Asia,1,1,1,3,1,2,1,1,3,2,0,0,2,3,1,0,3,2,0,0,3,2,0,0
169,AI developer,Male,18-24,1-3 years,2.0,AI integration,Moderately familiar,3,Neutral,Neutral,Extremely important,Yes,Little trust,Neutral,Neutral,No,Neutral,Asia,1,0,1,2,1,3,2,3,3,2,0,0,5,5,1,1,3,2,0,0,3,2,0,0
170,Healthcare professional,Male,18-24,1-3 years,2.0,Biotechnologist,Very familiar,5,Concerned,Strongly agree,Important,Yes,Little trust,Disagree,Neutral,No,Neutral,Asia,0,1,0,1,1,5,2,2,4,4,1,1,4,4,1,1,3,2,0,0,3,2,0,0
171,AI developer,Male,18-24,Less than 1 year,1.0,Almost everything related to th,Familiar,4,Neutral,Agree,Neutral,Not sure,Little trust,Neutral,Somewhat confident,No,Neutral,Asia,1,1,0,2,1,4,2,3,3,2,0,0,3,2,0,0,2,3,1,0,3,2,0,0
172,AI developer,Female,18-24,Less than 1 year,1.0,,Not familiar at all,1,Neutral,Agree,Extremely important,Not sure,Little trust,Agree,Neutral,Not sure,Neutral,Asia,1,1,1,3,1,4,2,4,3,2,0,0,5,5,1,1,3,2,0,0,3,2,0,0
173,Healthcare professional,Male,18-24,Less than 1 year,1.0,,Not familiar at all,1,Neutral,Neutral,Neutral,Yes,No trust,Disagree,Somewhat confident,No,Somewhat concerned,Asia,0,1,0,1,1,3,1,2,3,2,0,0,3,2,0,0,2,3,1,0,2,3,1,0
174,AI developer,Female,18-24,Less than 1 year,1.0,Programming,Familiar,4,Neutral,Agree,Extremely important,Not sure,Little trust,Neutral,Neutral,Not sure,Neutral,Asia,1,1,1,3,1,4,2,3,3,2,0,0,5,5,1,1,3,2,0,0,3,2,0,0
175,AI developer,Male,18-24,Less than 1 year,1.0,App Development,Somewhat familiar,2,Neutral,Neutral,Neutral,Yes,Little trust,Neutral,Neutral,No,Neutral,Asia,1,1,0,2,1,3,2,3,3,2,0,0,3,2,0,0,3,2,0,0,3,2,0,0
176,AI developer,Male,18-24,Less than 1 year,1.0,,Not familiar at all,1,Not concerned,Neutral,Important,Yes,Little trust,Agree,Somewhat confident,No,Concerned,Asia,1,0,0,1,1,3,2,4,1,1,0,0,4,4,1,1,2,3,1,0,4,4,1,1
177,AI developer,Female,25-34,1-3 years,2.0,Large language models,Somewhat familiar,2,Somewhat concerned,Agree,Extremely important,Yes,Little trust,Agree,Not confident,No,Somewhat concerned,Europe,0,1,1,2,2,4,2,4,2,3,1,0,5,5,1,1,1,1,0,0,2,3,1,0
178,AI developer,Male,18-24,1-3 years,2.0,,Somewhat familiar,2,Not concerned,Strongly disagree,Somewhat important,Yes,No trust,Strongly disagree,Not confident,No,Not concerned,Asia,0,1,0,1,1,1,1,1,1,1,0,0,2,3,1,0,1,1,0,0,1,1,0,0
179,AI developer,Female,25-34,7-10 years,4.0,AI for health care,Very familiar,5,Concerned,Disagree,Extremely important,Yes,Little trust,Agree,Confident,No,Concerned,Asia,1,1,1,3,2,2,2,4,4,4,1,1,5,5,1,1,4,4,1,1,4,4,1,1
180,Healthcare professional,Male,35-44,More than 10 years,5.0,Software Engineering,Moderately familiar,3,Somewhat concerned,Disagree,Important,Yes,Little trust,Agree,Somewhat confident,No,Not concerned,Asia,1,1,1,3,3,2,2,4,2,3,1,0,4,4,1,1,2,3,1,0,1,1,0,0
181,AI developer,Male,25-34,7-10 years,4.0,Explainable AI,Very familiar,5,Extremely concerned,Agree,Extremely important,Yes,Little trust,Neutral,Confident,No,Neutral,Europe,0,1,1,2,2,4,2,3,5,5,1,1,5,5,1,1,4,4,1,1,3,2,0,0
182,AI developer,Male,18-24,Less than 1 year,1.0,,Not familiar at all,1,Not concerned,Agree,Extremely important,Yes,Complete trust,Agree,Extremely confident,Yes,Not concerned,Asia,1,0,0,1,1,4,3,4,1,1,0,0,5,5,1,1,5,5,1,1,1,1,0,0
183,AI developer,Male,18-24,1-3 years,2.0,Ai Developer,Somewhat familiar,2,Not concerned,Neutral,Important,Yes,Little trust,Neutral,Neutral,Not sure,Neutral,Asia,1,0,0,1,1,3,2,3,1,1,0,0,4,4,1,1,3,2,0,0,3,2,0,0
184,Patient,Male,18-24,,,,Somewhat familiar,2,Neutral,Agree,Neutral,Yes,Little trust,Neutral,Not confident,No,Somewhat concerned,Asia,0,1,1,2,1,4,2,3,3,2,0,0,3,2,0,0,1,1,0,0,2,3,1,0
185,AI developer,Female,18-24,Less than 1 year,1.0,Developing website or managing database,Familiar,4,Somewhat concerned,Neutral,Extremely important,Yes,Little trust,Neutral,Confident,Not sure,Concerned,Asia,1,1,1,3,1,3,2,3,2,3,1,0,5,5,1,1,4,4,1,1,4,4,1,1
186,AI developer,Female,18-24,Less than 1 year,1.0,Nothing,Somewhat familiar,2,Neutral,Neutral,Important,Yes,Little trust,Agree,Somewhat confident,No,Concerned,Asia,1,1,0,2,1,3,2,4,3,2,0,0,4,4,1,1,2,3,1,0,4,4,1,1
187,AI developer,Female,18-24,Less than 1 year,1.0,Village,Somewhat familiar,2,Neutral,Neutral,Neutral,Not sure,Little trust,Neutral,Neutral,Yes,Concerned,Asia,0,1,0,1,1,3,2,3,3,2,0,0,3,2,0,0,3,2,0,0,4,4,1,1
188,Patient,Female,35-44,,,,Moderately familiar,3,Not concerned,Agree,Extremely important,Yes,Little trust,Agree,Somewhat confident,No,Neutral,Europe,1,1,1,3,3,4,2,4,1,1,0,0,5,5,1,1,2,3,1,0,3,2,0,0
189,AI developer,Female,18-24,Less than 1 year,1.0,Yeah,Not familiar at all,1,Neutral,Neutral,Neutral,Yes,Little trust,Neutral,Neutral,Not sure,Neutral,Oceania (Australia and the Pacific),0,1,0,1,1,3,2,3,3,2,0,0,3,2,0,0,3,2,0,0,3,2,0,0
190,AI developer,Female,18-24,Less than 1 year,1.0,,Moderately familiar,3,Neutral,Neutral,Neutral,Yes,Little trust,Neutral,Neutral,No,Neutral,Asia,0,1,0,1,1,3,2,3,3,2,0,0,3,2,0,0,3,2,0,0,3,2,0,0
191,AI developer,Male,18-24,1-3 years,2.0,,Somewhat familiar,2,Neutral,Neutral,Neutral,No,Little trust,Neutral,Neutral,No,Neutral,Asia,1,1,1,3,1,3,2,3,3,2,0,0,3,2,0,0,3,2,0,0,3,2,0,0
192,AI developer,Male,45-54,More than 10 years,5.0,Healthcare generative AI,Familiar,4,Not concerned,Neutral,Extremely important,Yes,Complete trust,Neutral,Somewhat confident,No,Somewhat concerned,Europe,1,1,1,3,4,3,3,3,1,1,0,0,5,5,1,1,2,3,1,0,2,3,1,0
193,AI developer,Male,18-24,Less than 1 year,1.0,Beginner,Moderately familiar,3,Neutral,Neutral,Extremely important,No,Little trust,Disagree,Not confident,Yes,Neutral,Asia,1,1,0,2,1,3,2,2,3,2,0,0,5,5,1,1,1,1,0,0,3,2,0,0
194,Patient,Female,25-34,,,,Very familiar,5,Not concerned,Agree,Extremely important,Yes,Little trust,Agree,Not confident,Not sure,Concerned,Asia,1,1,1,3,2,4,2,4,1,1,0,0,5,5,1,1,1,1,0,0,4,4,1,1
195,AI developer,Male,25-34,1-3 years,2.0,Machine learning,Moderately familiar,3,Neutral,Neutral,Extremely important,Yes,Little trust,Neutral,Neutral,No,Concerned,Europe,1,1,1,3,2,3,2,3,3,2,0,0,5,5,1,1,3,2,0,0,4,4,1,1
196,AI developer,Female,18-24,Less than 1 year,1.0,Computer science,Not familiar at all,1,Concerned,Neutral,Important,Yes,Little trust,Agree,Neutral,No,Somewhat concerned,Asia,1,1,0,2,1,3,2,4,4,4,1,1,4,4,1,1,3,2,0,0,2,3,1,0
197,AI developer,Female,18-24,Less than 1 year,1.0,Attock,Not familiar at all,1,Neutral,Disagree,Not important,Yes,No trust,Strongly disagree,Not confident,Yes,Somewhat concerned,Asia,1,0,0,1,1,2,1,1,3,2,0,0,1,1,0,0,1,1,0,0,2,3,1,0
198,Patient,Male,18-24,,,,Not familiar at all,1,Not concerned,Disagree,Not important,No,Little trust,Disagree,Not confident,No,Somewhat concerned,Asia,0,0,1,1,1,2,2,2,1,1,0,0,1,1,0,0,1,1,0,0,2,3,1,0
199,AI developer,Male,18-24,Less than 1 year,1.0,AI Engineer,Moderately familiar,3,Neutral,Disagree,Extremely important,Yes,Little trust,Neutral,Neutral,Not sure,Neutral,Asia,0,0,1,1,1,2,2,3,3,2,0,0,5,5,1,1,3,2,0,0,3,2,0,0
200,AI developer,Male,18-24,Less than 1 year,1.0,Heart,Somewhat familiar,2,Somewhat concerned,Disagree,Neutral,No,No trust,Neutral,Somewhat confident,No,Not concerned,North America,0,1,0,1,1,2,1,3,2,3,1,0,3,2,0,0,2,3,1,0,1,1,0,0
201,AI developer,Male,25-34,1-3 years,2.0,Network automation,Somewhat familiar,2,Somewhat concerned,Agree,Important,Yes,Little trust,Neutral,Neutral,No,Neutral,Asia,1,1,0,2,2,4,2,3,2,3,1,0,4,4,1,1,3,2,0,0,3,2,0,0
202,AI developer,Male,18-24,Less than 1 year,1.0,,Somewhat familiar,2,Extremely concerned,Neutral,Somewhat important,Yes,No trust,Neutral,Neutral,Yes,Neutral,Europe,1,0,0,1,1,3,1,3,5,5,1,1,2,3,1,0,3,2,0,0,3,2,0,0
203,AI developer,Male,35-44,4-6 years,3.0,Power converters,Moderately familiar,3,Somewhat concerned,Agree,Extremely important,Yes,Little trust,Agree,Somewhat confident,No,Somewhat concerned,Asia,1,1,1,3,3,4,2,4,2,3,1,0,5,5,1,1,2,3,1,0,2,3,1,0
204,AI developer,Male,65 and above,1-3 years,2.0,None of your dam businesses,Very familiar,5,Neutral,Strongly disagree,Extremely important,Yes,No trust,Strongly disagree,Not confident,No,Not concerned,Oceania (Australia and the Pacific),1,1,1,3,6,1,1,1,3,2,0,0,5,5,1,1,1,1,0,0,1,1,0,0
205,AI developer,Male,18-24,Less than 1 year,1.0,No,Moderately familiar,3,Extremely concerned,Agree,Not important,Yes,Little trust,Agree,Neutral,No,Neutral,South America,0,1,1,2,1,4,2,4,5,5,1,1,1,1,0,0,3,2,0,0,3,2,0,0
206,AI developer,Male,18-24,1-3 years,2.0,Ai with computer networking,Very familiar,5,Concerned,Strongly agree,Somewhat important,Not sure,Little trust,Agree,Somewhat confident,Yes,Not concerned,Asia,0,1,0,1,1,5,2,4,4,4,1,1,2,3,1,0,2,3,1,0,1,1,0,0
207,AI developer,Female,25-34,4-6 years,3.0,Software Engineering,Familiar,4,Concerned,Neutral,Extremely important,Yes,Little trust,Neutral,Neutral,No,Concerned,Europe,1,0,0,1,2,3,2,3,4,4,1,1,5,5,1,1,3,2,0,0,4,4,1,1
208,AI developer,Male,18-24,1-3 years,2.0,AI,Moderately familiar,3,Neutral,Agree,Important,Yes,Little trust,Agree,Somewhat confident,Not sure,Neutral,Asia,1,0,0,1,1,4,2,4,3,2,0,0,4,4,1,1,2,3,1,0,3,2,0,0
209,AI developer,Female,18-24,,,Am not AI developer,Somewhat familiar,2,Neutral,Neutral,Neutral,Not sure,Little trust,Neutral,Neutral,Not sure,Concerned,Asia,0,1,0,1,1,3,2,3,3,2,0,0,3,2,0,0,3,2,0,0,4,4,1,1
210,Patient,Male,18-24,,,,Somewhat familiar,2,Neutral,Neutral,Extremely important,No,Complete trust,Strongly disagree,Somewhat confident,No,Somewhat concerned,Asia,1,0,0,1,1,3,3,1,3,2,0,0,5,5,1,1,2,3,1,0,2,3,1,0
211,AI developer,Female,25-34,1-3 years,2.0,Machine Learning,Somewhat familiar,2,Somewhat concerned,Disagree,Important,Yes,Little trust,Agree,Somewhat confident,Not sure,Neutral,Asia,1,0,0,1,2,2,2,4,2,3,1,0,4,4,1,1,2,3,1,0,3,2,0,0
212,AI developer,Male,18-24,Less than 1 year,1.0,Data Science,Somewhat familiar,2,Neutral,Neutral,Neutral,No,Little trust,Neutral,Neutral,No,Neutral,Asia,1,1,1,3,1,3,2,3,3,2,0,0,3,2,0,0,3,2,0,0,3,2,0,0
213,AI developer,Male,18-24,Less than 1 year,1.0,Web dev and app dev,Not familiar at all,1,Somewhat concerned,Agree,Somewhat important,No,Little trust,Neutral,Neutral,No,Somewhat concerned,Asia,1,1,0,2,1,4,2,3,2,3,1,0,2,3,1,0,3,2,0,0,2,3,1,0
214,AI developer,Male,18-24,Less than 1 year,1.0,"ML Engineering, Model Training and optimization",Somewhat familiar,2,Neutral,Neutral,Somewhat important,Yes,Little trust,Neutral,Somewhat confident,Yes,Somewhat concerned,Asia,1,1,1,3,1,3,2,3,3,2,0,0,2,3,1,0,2,3,1,0,2,3,1,0
215,Healthcare professional,Female,18-24,Less than 1 year,1.0,,Somewhat familiar,2,Neutral,Neutral,Neutral,Yes,Little trust,Neutral,Neutral,Yes,Neutral,Asia,0,1,0,1,1,3,2,3,3,2,0,0,3,2,0,0,3,2,0,0,3,2,0,0
216,Healthcare professional,Female,18-24,Less than 1 year,1.0,Biochemistry,Not familiar at all,1,Somewhat concerned,Agree,Neutral,Not sure,Little trust,Neutral,Neutral,No,Concerned,Asia,1,1,0,2,1,4,2,3,2,3,1,0,3,2,0,0,3,2,0,0,4,4,1,1
217,Patient,Female,18-24,,,,Not familiar at all,1,Concerned,Neutral,Extremely important,Yes,Little trust,Agree,Neutral,No,Concerned,Asia,1,1,1,3,1,3,2,4,4,4,1,1,5,5,1,1,3,2,0,0,4,4,1,1
218,Healthcare professional,Female,18-24,Less than 1 year,1.0,,Not familiar at all,1,Not concerned,Agree,Neutral,Not sure,Little trust,Disagree,Somewhat confident,No,Somewhat concerned,Asia,0,1,0,1,1,4,2,2,1,1,0,0,3,2,0,0,2,3,1,0,2,3,1,0
219,AI developer,Male,18-24,Less than 1 year,1.0,Automation,Somewhat familiar,2,Not concerned,Disagree,Somewhat important,Yes,No trust,Neutral,Somewhat confident,Not sure,Concerned,Asia,0,1,0,1,1,2,1,3,1,1,0,0,2,3,1,0,2,3,1,0,4,4,1,1
220,AI developer,Male,18-24,1-3 years,2.0,Islamia university of BWP,Moderately familiar,3,Concerned,Agree,Neutral,Not sure,Complete trust,Neutral,Neutral,Not sure,Neutral,Asia,0,0,1,1,1,4,3,3,4,4,1,1,3,2,0,0,3,2,0,0,3,2,0,0
221,AI developer,Male,18-24,Less than 1 year,1.0,Game Ai,Somewhat familiar,2,Somewhat concerned,Disagree,Extremely important,Yes,Little trust,Disagree,Neutral,No,Somewhat concerned,Asia,0,1,0,1,1,2,2,2,2,3,1,0,5,5,1,1,3,2,0,0,2,3,1,0
222,AI developer,Female,18-24,Less than 1 year,1.0,Frontend developer,Moderately familiar,3,Somewhat concerned,Neutral,Extremely important,No,Complete trust,Agree,Confident,No,Concerned,Asia,1,0,0,1,1,3,3,4,2,3,1,0,5,5,1,1,4,4,1,1,4,4,1,1
223,AI developer,Female,18-24,Less than 1 year,1.0,,Not familiar at all,1,Somewhat concerned,Neutral,Neutral,Yes,Little trust,Neutral,Neutral,Not sure,Extremely concerned,Asia,1,0,0,1,1,3,2,3,2,3,1,0,3,2,0,0,3,2,0,0,5,5,1,1
224,AI developer,Female,18-24,Less than 1 year,1.0,Bwp,Familiar,4,Neutral,Agree,Important,Not sure,Little trust,Agree,Confident,No,Neutral,Asia,0,1,0,1,1,4,2,4,3,2,0,0,4,4,1,1,4,4,1,1,3,2,0,0
225,Patient,Female,18-24,,,,Moderately familiar,3,Extremely concerned,Neutral,Extremely important,No,Little trust,Agree,Not confident,Not sure,Neutral,Asia,1,0,0,1,1,3,2,4,5,5,1,1,5,5,1,1,1,1,0,0,3,2,0,0
226,AI developer,Male,35-44,4-6 years,3.0,Computer vision application for documents analysis,Familiar,4,Somewhat concerned,Neutral,Extremely important,Not sure,Little trust,Neutral,Neutral,No,Somewhat concerned,Europe,1,1,1,3,3,3,2,3,2,3,1,0,5,5,1,1,3,2,0,0,2,3,1,0
227,AI developer,Male,25-34,1-3 years,2.0,AI driven techniques in Software Engineering,Familiar,4,Concerned,Disagree,Extremely important,Yes,Little trust,Agree,Neutral,No,Concerned,Africa,0,1,0,1,2,2,2,4,4,4,1,1,5,5,1,1,3,2,0,0,4,4,1,1
228,AI developer,Male,35-44,Less than 1 year,1.0,AI security,Somewhat familiar,2,Neutral,Agree,Extremely important,Yes,Little trust,Disagree,Confident,Yes,Concerned,Africa,1,1,1,3,3,4,2,2,3,2,0,0,5,5,1,1,4,4,1,1,4,4,1,1
229,AI developer,Male,35-44,More than 10 years,5.0,Human Centred Artificial  Intelligence/System Analyses,Very familiar,5,Extremely concerned,Disagree,Extremely important,Yes,Little trust,Agree,Somewhat confident,No,Extremely concerned,Africa,1,1,1,3,3,2,2,4,5,5,1,1,5,5,1,1,2,3,1,0,5,5,1,1
230,AI developer,Male,25-34,1-3 years,2.0,Data Scientist,Moderately familiar,3,Concerned,Neutral,Extremely important,Yes,Little trust,Agree,Neutral,No,Concerned,Africa,1,1,1,3,2,3,2,4,4,4,1,1,5,5,1,1,3,2,0,0,4,4,1,1
231,AI developer,Male,35-44,1-3 years,2.0,Decentralized architecture,Familiar,4,Extremely concerned,Agree,Extremely important,Yes,No trust,Strongly agree,Not confident,No,Extremely concerned,Africa,1,0,0,1,3,4,1,5,5,5,1,1,5,5,1,1,1,1,0,0,5,5,1,1
232,Healthcare professional,Male,35-44,7-10 years,4.0,Doctor,Somewhat familiar,2,Neutral,Neutral,Important,Yes,No trust,Neutral,Somewhat confident,No,Concerned,Europe,0,0,1,1,3,3,1,3,3,2,0,0,4,4,1,1,2,3,1,0,4,4,1,1
233,Patient,Male,35-44,,,,Moderately familiar,3,Extremely concerned,Agree,Extremely important,Yes,Little trust,Disagree,Extremely confident,No,Extremely concerned,Africa,0,1,0,1,3,4,2,2,5,5,1,1,5,5,1,1,5,5,1,1,5,5,1,1
234,Patient,Female,25-34,,,,Moderately familiar,3,Neutral,Neutral,Important,Yes,Little trust,Neutral,Neutral,No,Neutral,Africa,1,1,1,3,2,3,2,3,3,2,0,0,4,4,1,1,3,2,0,0,3,2,0,0
235,AI developer,Male,25-34,4-6 years,3.0,Medical Image Processing AI developer,Familiar,4,Neutral,Disagree,Extremely important,Yes,Little trust,Agree,Neutral,No,Somewhat concerned,Africa,1,1,1,3,2,2,2,4,3,2,0,0,5,5,1,1,3,2,0,0,2,3,1,0
236,AI developer,Male,25-34,1-3 years,2.0,Ai engineering with python,Familiar,4,Concerned,Agree,Extremely important,Yes,Little trust,Neutral,Neutral,Not sure,Neutral,Africa,1,0,1,2,2,4,2,3,4,4,1,1,5,5,1,1,3,2,0,0,3,2,0,0
237,Healthcare professional,Male,25-34,4-6 years,3.0,Pathologist,Somewhat familiar,2,Somewhat concerned,Agree,Important,Yes,Little trust,Neutral,Somewhat confident,Not sure,Somewhat concerned,Asia,0,1,0,1,2,4,2,3,2,3,1,0,4,4,1,1,2,3,1,0,2,3,1,0
238,Healthcare professional,Male,35-44,More than 10 years,5.0,Pathology,Somewhat familiar,2,Neutral,Neutral,Neutral,Yes,No trust,Agree,Not confident,No,Neutral,Asia,0,1,0,1,3,3,1,4,3,2,0,0,3,2,0,0,1,1,0,0,3,2,0,0
239,Healthcare professional,Male,35-44,More than 10 years,5.0,Cancer biology and Immunology,Moderately familiar,3,Neutral,Disagree,Important,Yes,Little trust,Agree,Not confident,No,Not concerned,Europe,1,1,0,2,3,2,2,4,3,2,0,0,4,4,1,1,1,1,0,0,1,1,0,0
240,Healthcare professional,Male,35-44,1-3 years,2.0,Pathology,Moderately familiar,3,Neutral,Agree,Important,Yes,Little trust,Disagree,Not confident,No,Concerned,Asia,1,1,1,3,3,4,2,2,3,2,0,0,4,4,1,1,1,1,0,0,4,4,1,1
241,AI developer,Female,18-24,Less than 1 year,1.0,"“Software Engineering, Full-Stack Development, and AI Development.”",Familiar,4,Not concerned,Strongly disagree,Neutral,Yes,Little trust,Neutral,Neutral,Yes,Neutral,Asia,1,1,0,2,1,1,2,3,1,1,0,0,3,2,0,0,3,2,0,0,3,2,0,0
242,AI developer,Female,18-24,Less than 1 year,1.0,Computer science student,Not familiar at all,1,Concerned,Disagree,Extremely important,Yes,Little trust,Agree,Somewhat confident,No,Concerned,Asia,1,0,0,1,1,2,2,4,4,4,1,1,5,5,1,1,2,3,1,0,4,4,1,1
243,AI developer,Male,35-44,7-10 years,4.0,Machine learning and computer vision,Familiar,4,Concerned,Neutral,Extremely important,Not sure,Little trust,Disagree,Somewhat confident,No,Extremely concerned,Asia,0,1,1,2,3,3,2,2,4,4,1,1,5,5,1,1,2,3,1,0,5,5,1,1
244,Patient,Male,35-44,,,,Not familiar at all,1,Neutral,Neutral,Neutral,Yes,No trust,Neutral,Neutral,No,Neutral,Asia,0,0,1,1,3,3,1,3,3,2,0,0,3,2,0,0,3,2,0,0,3,2,0,0
245,Healthcare professional,Female,25-34,7-10 years,4.0,General Surgery,Somewhat familiar,2,Somewhat concerned,Neutral,Important,No,Little trust,Neutral,Neutral,Not sure,Neutral,Asia,1,0,0,1,2,3,2,3,2,3,1,0,4,4,1,1,3,2,0,0,3,2,0,0
246,Patient,Male,35-44,,,,Familiar,4,Somewhat concerned,Neutral,Extremely important,Yes,Little trust,Strongly disagree,Not confident,No,Neutral,Asia,0,0,1,1,3,3,2,1,2,3,1,0,5,5,1,1,1,1,0,0,3,2,0,0
247,Patient,Male,45-54,,,,Moderately familiar,3,Somewhat concerned,Strongly disagree,Somewhat important,Yes,Little trust,Neutral,Somewhat confident,No,Neutral,Asia,1,0,0,1,4,1,2,3,2,3,1,0,2,3,1,0,2,3,1,0,3,2,0,0
248,AI developer,Female,18-24,Less than 1 year,1.0,Machine Learning,Somewhat familiar,2,Neutral,Agree,Extremely important,Yes,Little trust,Disagree,Confident,Not sure,Extremely concerned,Asia,1,1,1,3,1,4,2,2,3,2,0,0,5,5,1,1,4,4,1,1,5,5,1,1
249,AI developer,Female,18-24,Less than 1 year,1.0,University,Somewhat familiar,2,Concerned,Strongly agree,Extremely important,Yes,Complete trust,Agree,Confident,Yes,Concerned,Asia,1,0,0,1,1,5,3,4,4,4,1,1,5,5,1,1,4,4,1,1,4,4,1,1
250,Healthcare professional,Male,35-44,More than 10 years,5.0,Medical image Analysis,Very familiar,5,Not concerned,Agree,Extremely important,Yes,Complete trust,Disagree,Somewhat confident,No,Somewhat concerned,Asia,0,1,0,1,3,4,3,2,1,1,0,0,5,5,1,1,2,3,1,0,2,3,1,0
251,AI developer,Male,25-34,1-3 years,2.0,Medical imaging,Very familiar,5,Concerned,Strongly agree,Extremely important,Yes,Complete trust,Agree,Neutral,No,Concerned,Europe,1,1,1,3,2,5,3,4,4,4,1,1,5,5,1,1,3,2,0,0,4,4,1,1
252,AI developer,Female,35-44,4-6 years,3.0,,Familiar,4,Somewhat concerned,Disagree,Important,Yes,Little trust,Agree,Not confident,No,Not concerned,North America,1,1,1,3,3,2,2,4,2,3,1,0,4,4,1,1,1,1,0,0,1,1,0,0
253,AI developer,Male,18-24,Less than 1 year,1.0,Machine Learning,Moderately familiar,3,Extremely concerned,Agree,Extremely important,Yes,Little trust,Neutral,Neutral,No,Concerned,Asia,1,1,0,2,1,4,2,3,5,5,1,1,5,5,1,1,3,2,0,0,4,4,1,1
