pattern_type,pattern,Patient,Healthcare professional,AI developer,Total
number chosen,1,21 (43.8),33 (56.9),57 (38.8),111 (43.9)
number chosen,2,10 (20.8),14 (24.1),42 (28.6),66 (26.1)
number chosen,3,17 (35.4),11 (19.0),48 (32.7),76 (30.0)
combination,AI developers,7 (14.6),8 (13.8),32 (21.8),47 (18.6)
combination,AI developers + Healthcare professional,2 (4.2),6 (10.3),19 (12.9),27 (10.7)
combination,AI developers + Healthcare professional + Hospital or clinic,17 (35.4),11 (19.0),48 (32.7),76 (30.0)
combination,AI developers + Hospital or clinic,2 (4.2),4 (6.9),5 (3.4),11 (4.3)
combination,Healthcare professional,7 (14.6),16 (27.6),18 (12.2),41 (16.2)
combination,Healthcare professional + Hospital or clinic,6 (12.5),4 (6.9),18 (12.2),28 (11.1)
combination,Hospital or clinic,7 (14.6),9 (15.5),7 (4.8),23 (9.1)
