var_1,var_2,rho,ci_low,ci_high,p,p_bh,after_bh
Privacy is protected (agree),Trust in AI,0.40414818265151886,0.291013587263113,0.5061356809848507,2.3276452388075368e-11,6.517406668661103e-10,True
Familiarity with AI,Explanations important,0.300201404563941,0.18100115062128166,0.41070945072608556,1.1503534238391466e-06,1.6104947933748054e-05,True
Bias concern,Disparities concern,0.27821975942186417,0.15807727204281063,0.3902448047250528,7.0406496760244625e-06,6.571273030956166e-05,True
Autonomy could be undermined (agree),Bias concern,0.2560132544954847,0.13503144265509381,0.3694736861607697,3.774622442988771e-05,0.000264223571009214,True
Privacy is protected (agree),Guidelines are enough (confidence),0.23711233105664128,0.11550284694571782,0.35171871009776773,0.00014051367579403297,0.0007868765844465846,True
Trust in AI,Explanations important,0.2297611822440396,0.1079286840242652,0.3447946375054961,0.00022788666146942763,0.001056082605533063,True
Trust in AI,Guidelines are enough (confidence),0.22747649533694903,0.10557706602763206,0.34264057199052667,0.00026402065138326575,0.001056082605533063,True
Explanations important,Disparities concern,0.2044098776791932,0.08189712247826013,0.32083702791985325,0.0010761173869868886,0.0037664108544541103,True
Bias concern,Explanations important,0.19219380933440583,0.06940159873432226,0.3092491197985939,0.0021365200294046387,0.0066469512025922085,True
Autonomy could be undermined (agree),Explanations important,0.18813344781105942,0.06525520784399644,0.30539133982507854,0.0026601661868889117,0.0074484653232889525,True
Trust in AI,Autonomy could be undermined (agree),0.17745785801418706,0.05436959288484497,0.29523367765800723,0.004637844702147864,0.01144776840642588,True
Familiarity with AI,Trust in AI,0.17634508076903802,0.053236264148881225,0.29417366398654404,0.004906186459896805,0.01144776840642588,True
Autonomy could be undermined (agree),Disparities concern,0.16809329807600187,0.044839926507912645,0.2863059671019283,0.007372337406327047,0.01587888056747364,True
Familiarity with AI,Bias concern,0.16179016551434428,0.03843564074677002,0.280287712554968,0.009946282409710391,0.019892564819420783,True
Privacy is protected (agree),Explanations important,0.14757223368705494,0.0240187362391659,0.26668543467939665,0.01884772448986367,0.035182419047745515,True
Privacy is protected (agree),Autonomy could be undermined (agree),0.1397032496886204,0.016056871942682727,0.25914119689226006,0.02628194631276531,0.04599340604733929,True
Guidelines are enough (confidence),Disparities concern,0.12857676707521737,0.004819823639578947,0.2484545259117451,0.0410028812604606,0.0675341573701704,False
Explanations important,Guidelines are enough (confidence),0.1072068575356606,-0.016694970181586763,0.2278659556471383,0.0888129651700727,0.13815350137566865,False
Familiarity with AI,Privacy is protected (agree),0.1032379155277554,-0.020681141869857738,0.22403297961102042,0.10134903074297628,0.14935646635807032,False
Autonomy could be undermined (agree),Guidelines are enough (confidence),0.10127285633077551,-0.02265361690173908,0.22213417981242664,0.10805421195791984,0.15127589674108777,False
Trust in AI,Bias concern,-0.09288821839729626,-0.21402439087964015,0.031061629013086737,0.1406571430704314,0.18754285742724186,False
Bias concern,Guidelines are enough (confidence),0.09095132561900254,-0.033002021870124534,0.21214917764952007,0.14916225471780398,0.18984286964084143,False
Familiarity with AI,Disparities concern,0.08307777071783229,-0.04088249500225221,0.2045193585954688,0.18778258095463846,0.22788430383571154,False
Trust in AI,Disparities concern,0.08101735756452255,-0.042942786505790066,0.20252087577202177,0.19900521176076102,0.22788430383571154,False
Familiarity with AI,Guidelines are enough (confidence),0.0802214824123916,-0.0437384005660806,0.20174871678954875,0.20346812842474246,0.22788430383571154,False
Familiarity with AI,Autonomy could be undermined (agree),0.07807174945477438,-0.04588683250303928,0.19966247069836918,0.21588387316649535,0.23249032494853344,False
Privacy is protected (agree),Bias concern,0.043836375046354834,-0.07998510619081194,0.16632558152123003,0.48759367910064255,0.5056527042525182,False
Privacy is protected (agree),Disparities concern,0.028820004941355844,-0.09487284101456539,0.15163648364274412,0.6482210061508062,0.6482210061508062,False
