outcome_no,lr_chi2,df,p,aic_number,aic_categories,categories_clearly_better
1,1.6648881956768378,3,0.6447679553040624,359.281721007911,363.6168328122342,False
2,0.2279175945626548,3,0.9729613757361026,348.8504196736293,354.62250207906663,False
3,5.760755103815001,3,0.12384823912648456,259.601507357213,259.840752253398,False
4,2.037482902911563,3,0.5646635486846376,279.7406685204022,283.70318561749065,False
5,9.5112345097549,3,0.02321214396658282,336.4546751693573,332.9434406596024,True
6,6.371578130690352,3,0.09486708454307607,324.2309269813416,323.85934885065126,False
7,0.9716544562342619,3,0.8081102828341424,344.1926023865309,349.22094793029663,False
8,1.5782018935343558,3,0.6643424314790514,354.44105164513354,358.8628497515992,False
9,8.751968628429154,3,0.032776999668589796,622.9655857328669,620.2136171044377,True
10,0.9470867476334774,3,0.8140523466713931,355.0305080101915,360.08342126255803,False
11,4.353363291720598,3,0.22574884638999582,335.44535446140094,337.09199116968034,False
12,3.12887451228778,3,0.37217889946650007,728.5261349617092,731.3972604494214,False
