outcome_no,outcome,model,n,events_or_smaller_group,stability,converged,log_likelihood,aic,group_lr_chi2,group_p,group_p_holm,difference_after_holm
1,Q7 bias concern: any concern,logistic,253,119,normal,True,-171.6408605039555,359.281721007911,0.6054514397195021,0.7388017072190187,1.0,False
2,Q8 privacy is protected: agree or strongly agree,logistic,253,101,normal,True,-166.42520983681464,348.8504196736293,0.7503689769901598,0.6871624935218148,1.0,False
3,Q9 explanations important: any importance,logistic,253,58,less stable,True,-121.80075367860651,259.601507357213,1.1337372931227492,0.5672990742172145,1.0,False
4,Q10 inform patients: Yes,logistic,253,64,less stable,True,-131.8703342602011,279.7406685204022,4.010369985498016,0.13463538682127446,1.0,False
5,Q11 accountable: AI developers,logistic,253,92,normal,True,-160.22733758467865,336.4546751693573,8.304828529715735,0.015726402914008484,0.18871683496810182,False
6,Q11 accountable: healthcare professional,logistic,253,81,normal,True,-154.1154634906708,324.2309269813416,0.5519081439248907,0.7588477823503488,1.0,False
7,Q11 accountable: hospital or clinic,logistic,253,115,normal,True,-164.09630119326545,344.1926023865309,1.9828351540123776,0.3710503256187087,1.0,False
8,Q12 trust,ordinal logistic,253,28,less stable,True,-168.22052582256677,354.44105164513354,0.8362576066710403,0.6582774346348041,1.0,False
9,Q13 autonomy could be undermined,ordinal logistic,253,39,less stable,True,-300.48279286643344,622.9655857328669,1.5445657397619925,0.4619572753006267,1.0,False
10,Q14 guidelines are enough: any confidence,logistic,253,109,normal,True,-169.51525400509576,355.0305080101915,2.4090312416748247,0.29983719923602586,1.0,False
11,Q15 comfortable with no human: No,logistic,253,93,normal,True,-159.72267723070047,335.44535446140094,0.01737870958925214,0.9913482885377514,1.0,False
12,Q16 disparities concern,ordinal logistic,253,90,normal,True,-353.2630674808546,728.5261349617092,1.3021766499418845,0.5214779303629484,1.0,False
