outcome_no,outcome,predictor,or,ci_low,ci_high,p
1,Q7 bias concern: any concern,Healthcare professional (vs patient),0.8846753332608768,0.39887930011524486,1.9621234921293702,0.7630333291723241
1,Q7 bias concern: any concern,AI developer (vs patient),1.139016015818899,0.5619406833857461,2.30870894855887,0.7180326325942571
1,Q7 bias concern: any concern,Age 25-34 (vs 18-24),1.4225114338266633,0.7025065829928493,2.880455256015995,0.327559123164771
1,Q7 bias concern: any concern,Age 35 and over (vs 18-24),1.4442668894478579,0.6878461849237657,3.032519324340765,0.33140969428397626
1,Q7 bias concern: any concern,Female (vs male),1.357202971609055,0.7976035620549506,2.3094178533991365,0.2601045696531442
1,Q7 bias concern: any concern,Not Asia (vs Asia),1.2295101997101512,0.6638213683031207,2.2772622325423706,0.5111679494682895
1,Q7 bias concern: any concern,"Familiarity (per step, 1-5)",1.103415895993784,0.8914264348008394,1.365818414173215,0.36594736465342825
2,Q8 privacy is protected: agree or strongly agree,Healthcare professional (vs patient),1.2516253190871958,0.5557569424925562,2.8187968869162745,0.5879304298343803
2,Q8 privacy is protected: agree or strongly agree,AI developer (vs patient),0.9367588582028662,0.4538135136597667,1.9336514493471655,0.8597638058386203
2,Q8 privacy is protected: agree or strongly agree,Age 25-34 (vs 18-24),1.136729080158869,0.5547154799561005,2.3293977694314347,0.7262656762270332
2,Q8 privacy is protected: agree or strongly agree,Age 35 and over (vs 18-24),0.775529746213797,0.360102421985012,1.6702092253283136,0.5160393800637664
2,Q8 privacy is protected: agree or strongly agree,Female (vs male),0.6714149883913992,0.38865806255481133,1.1598835327725847,0.15323028077428427
2,Q8 privacy is protected: agree or strongly agree,Not Asia (vs Asia),1.2552650773568819,0.6716964625448512,2.3458369997393955,0.4760874691545899
2,Q8 privacy is protected: agree or strongly agree,"Familiarity (per step, 1-5)",1.2081362587283846,0.9720729696073952,1.5015263928630016,0.08826719989650865
3,Q9 explanations important: any importance,Healthcare professional (vs patient),0.96553082132817,0.35366731157842374,2.6359511790162418,0.9454239652175547
3,Q9 explanations important: any importance,AI developer (vs patient),1.4162621909191424,0.5753248531292197,3.4863757102052064,0.44893559556760665
3,Q9 explanations important: any importance,Age 25-34 (vs 18-24),6.371193342343403,2.3044293124750728,17.614818725736026,0.0003584438717191233
3,Q9 explanations important: any importance,Age 35 and over (vs 18-24),4.527261625571013,1.6928843653432621,12.107204866418593,0.0026222147755604547
3,Q9 explanations important: any importance,Female (vs male),1.1237007591594086,0.5854102488372483,2.1569547144817394,0.725923007705469
3,Q9 explanations important: any importance,Not Asia (vs Asia),0.8632630610433226,0.36579250464562385,2.037283714393908,0.7371541872766147
3,Q9 explanations important: any importance,"Familiarity (per step, 1-5)",1.1310318404965307,0.8597460677197608,1.4879195988761915,0.3788744731033705
4,Q10 inform patients: Yes,Healthcare professional (vs patient),0.9248530300372885,0.3729019749085374,2.2937747309569714,0.8661367213361474
4,Q10 inform patients: Yes,AI developer (vs patient),1.8220567726107937,0.7791526292293718,4.260899287345575,0.16629217782327665
4,Q10 inform patients: Yes,Age 25-34 (vs 18-24),1.9629011649733719,0.8412827963042726,4.579888000063519,0.118722407123226
4,Q10 inform patients: Yes,Age 35 and over (vs 18-24),1.8227367945066943,0.7520344085789721,4.417842301027711,0.18382450444773468
4,Q10 inform patients: Yes,Female (vs male),0.8984780484491369,0.4799631199831972,1.68192673548174,0.7378929453302706
4,Q10 inform patients: Yes,Not Asia (vs Asia),2.9791167853903326,1.3074433758672273,6.788161525624428,0.009378243008706358
4,Q10 inform patients: Yes,"Familiarity (per step, 1-5)",0.8450005752003815,0.6552953604369108,1.0896246413417405,0.19418592853723726
5,Q11 accountable: AI developers,Healthcare professional (vs patient),0.6584629652421315,0.29558198001733105,1.4668467833189243,0.30655531356028365
5,Q11 accountable: AI developers,AI developer (vs patient),1.7105490011957731,0.8268047791930272,3.5388981282227854,0.14783285718734454
5,Q11 accountable: AI developers,Age 25-34 (vs 18-24),1.2239761546972387,0.5791624894491434,2.586696574034582,0.5965464019622017
5,Q11 accountable: AI developers,Age 35 and over (vs 18-24),0.8706173103871854,0.40308973653292823,1.8804113140298178,0.7243482564063761
5,Q11 accountable: AI developers,Female (vs male),1.2429483876642893,0.7098343098593712,2.176452550882372,0.4467151870988799
5,Q11 accountable: AI developers,Not Asia (vs Asia),0.7882198612671852,0.4152954436237638,1.4960206263638134,0.4666748408517549
5,Q11 accountable: AI developers,"Familiarity (per step, 1-5)",0.943823986029264,0.7547386297970329,1.1802810687505507,0.6122571554343894
6,Q11 accountable: healthcare professional,Healthcare professional (vs patient),0.9605412702610073,0.41487393403774775,2.223903350338424,0.9251188213773259
6,Q11 accountable: healthcare professional,AI developer (vs patient),1.2152547147611927,0.5726885338665576,2.578790973477789,0.6115467455055061
6,Q11 accountable: healthcare professional,Age 25-34 (vs 18-24),0.7531808016007601,0.3535198993597065,1.6046658785754937,0.46264305076353784
6,Q11 accountable: healthcare professional,Age 35 and over (vs 18-24),0.8714391572873577,0.39428072886448273,1.926054583090501,0.7337986487894095
6,Q11 accountable: healthcare professional,Female (vs male),1.2054640758991175,0.6805097415231822,2.135375218921551,0.5218200071351121
6,Q11 accountable: healthcare professional,Not Asia (vs Asia),2.023169638773674,1.0199968401254054,4.012968693856298,0.04373448391066248
6,Q11 accountable: healthcare professional,"Familiarity (per step, 1-5)",1.2320940865977492,0.9761333763258312,1.5551725563806744,0.07897674709866995
7,Q11 accountable: hospital or clinic,Healthcare professional (vs patient),0.5597522589353412,0.24369131108509604,1.2857355889632283,0.17143526812722354
7,Q11 accountable: hospital or clinic,AI developer (vs patient),0.6577545840931391,0.31344897181921394,1.3802600480216924,0.2679606781690619
7,Q11 accountable: hospital or clinic,Age 25-34 (vs 18-24),1.4546741421242972,0.7113508901640736,2.9747300369259193,0.3045042893154212
7,Q11 accountable: hospital or clinic,Age 35 and over (vs 18-24),1.9266607605456425,0.9003351067934444,4.1229334035931675,0.09112629810195493
7,Q11 accountable: hospital or clinic,Female (vs male),0.6234576366036974,0.36234215619648735,1.072741379914646,0.0879392810064441
7,Q11 accountable: hospital or clinic,Not Asia (vs Asia),1.6004188805201105,0.8472218556180788,3.023222991876967,0.14731340264163928
7,Q11 accountable: hospital or clinic,"Familiarity (per step, 1-5)",1.086341658256958,0.8731696385852616,1.351556612042279,0.45744253545339064
8,Q12 trust,Healthcare professional (vs patient),0.6686798754437646,0.26561951601271017,1.6833581452730781,0.3929011031187446
8,Q12 trust,AI developer (vs patient),0.8838750174852388,0.387705111624812,2.0150238495966595,0.7690728047439297
8,Q12 trust,Age 25-34 (vs 18-24),2.8424061930497335,1.2308680515522672,6.563882258621124,0.014428626694234361
8,Q12 trust,Age 35 and over (vs 18-24),1.339650586798218,0.5529343955899875,3.2457081871238684,0.5172192059657108
8,Q12 trust,Female (vs male),1.607313454522708,0.8581613267661697,3.0104555641362016,0.13828385021049133
8,Q12 trust,Not Asia (vs Asia),0.4964784880741933,0.24186781593190163,1.0191140486001533,0.056344409952038405
8,Q12 trust,"Familiarity (per step, 1-5)",1.3441260098005208,1.0424721561439192,1.7330676119975412,0.022563901574793963
9,Q13 autonomy could be undermined,Healthcare professional (vs patient),1.2267432972622279,0.5828395262988104,2.582012800220193,0.5904277132550209
9,Q13 autonomy could be undermined,AI developer (vs patient),1.4977902097914102,0.7775302730395811,2.885258092623225,0.22715625773926396
9,Q13 autonomy could be undermined,Age 25-34 (vs 18-24),1.9142646453200465,0.9997241125273094,3.665420375886135,0.050097391224308896
9,Q13 autonomy could be undermined,Age 35 and over (vs 18-24),2.4166166539796747,1.1903222996839686,4.90626450822811,0.014599184141813524
9,Q13 autonomy could be undermined,Female (vs male),2.3577647955039387,1.4270898444807991,3.8953783130172943,0.0008131767775546852
9,Q13 autonomy could be undermined,Not Asia (vs Asia),1.1399477750643998,0.6409283172632558,2.0274980756397523,0.6557162784787751
9,Q13 autonomy could be undermined,"Familiarity (per step, 1-5)",1.0043764124899488,0.8212305746759636,1.2283663188797072,0.9660887424823764
10,Q14 guidelines are enough: any confidence,Healthcare professional (vs patient),1.8440609529234953,0.8163757881219532,4.165435633410923,0.14102773659135442
10,Q14 guidelines are enough: any confidence,AI developer (vs patient),1.613530596918169,0.7786601019300553,3.3435397302852503,0.19810381425641665
10,Q14 guidelines are enough: any confidence,Age 25-34 (vs 18-24),1.2339628386015427,0.606565413087082,2.5103051611532856,0.5617777176186837
10,Q14 guidelines are enough: any confidence,Age 35 and over (vs 18-24),1.6923178154672547,0.8015509650313076,3.5729974929741353,0.16764711894934392
10,Q14 guidelines are enough: any confidence,Female (vs male),1.0201984992968718,0.5976097038022605,1.7416132491583087,0.9415794282000259
10,Q14 guidelines are enough: any confidence,Not Asia (vs Asia),1.1453650224462275,0.6187822063325694,2.120069098978223,0.6657182614863739
10,Q14 guidelines are enough: any confidence,"Familiarity (per step, 1-5)",1.092641520497567,0.8818053353787775,1.3538878076785654,0.4179409542629432
11,Q15 comfortable with no human: No,Healthcare professional (vs patient),1.0226287841183637,0.4405199895949394,2.3739436457105927,0.9584680635607019
11,Q15 comfortable with no human: No,AI developer (vs patient),1.049301326004859,0.49652465037078325,2.217479579177692,0.8996861380861986
11,Q15 comfortable with no human: No,Age 25-34 (vs 18-24),1.5575392992817658,0.7501757276824053,3.2338138642552505,0.234523562971358
11,Q15 comfortable with no human: No,Age 35 and over (vs 18-24),1.988778168939936,0.9047135940670348,4.3718129485285715,0.08712010154913755
11,Q15 comfortable with no human: No,Female (vs male),0.7356117760994842,0.424119762777821,1.275877081492453,0.2744640459906681
11,Q15 comfortable with no human: No,Not Asia (vs Asia),1.5858741132745164,0.8167299273870103,3.079349266899698,0.17319311987014285
11,Q15 comfortable with no human: No,"Familiarity (per step, 1-5)",1.040779416109262,0.8326061233876558,1.3010014730487347,0.7255588260386745
12,Q16 disparities concern,Healthcare professional (vs patient),0.8677601509842615,0.42469338978528537,1.7730619259624707,0.6972326434322068
12,Q16 disparities concern,AI developer (vs patient),1.2059097303849282,0.646960404252867,2.2477701390650537,0.5556464132258749
12,Q16 disparities concern,Age 25-34 (vs 18-24),2.1327697388062696,1.133565545968918,4.012742602263679,0.01883789016698297
12,Q16 disparities concern,Age 35 and over (vs 18-24),1.9172091714323685,0.9695189564760193,3.791252334440875,0.06134777185694429
12,Q16 disparities concern,Female (vs male),1.8498452701692556,1.1436410192939175,2.9921343024931546,0.012176128703605687
12,Q16 disparities concern,Not Asia (vs Asia),1.3401167372647758,0.7640376330180266,2.35055551177911,0.3071719091364876
12,Q16 disparities concern,"Familiarity (per step, 1-5)",1.034977150668173,0.8552036612563834,1.2525410623611442,0.7239640555704097
