characteristic,category,Patient,Healthcare professional,AI developer,Total
"Participants, n",,48,58,147,253
Gender,,,,,
,Male,25 (52.1),26 (44.8),95 (64.6),146 (57.7)
,Female,23 (47.9),32 (55.2),52 (35.4),107 (42.3)
,Non-binary,0 (0.0),0 (0.0),0 (0.0),0 (0.0)
,Prefer not to say,0 (0.0),0 (0.0),0 (0.0),0 (0.0)
Age group (years),,,,,
,18-24,11 (22.9),21 (36.2),78 (53.1),110 (43.5)
,25-34,16 (33.3),19 (32.8),41 (27.9),76 (30.0)
,35-44,18 (37.5),14 (24.1),25 (17.0),57 (22.5)
,45-54,3 (6.2),4 (6.9),2 (1.4),9 (3.6)
,55-64,0 (0.0),0 (0.0),0 (0.0),0 (0.0)
,65 and above,0 (0.0),0 (0.0),1 (0.7),1 (0.4)
Continent of residence,,,,,
,Africa,9 (18.8),4 (6.9),10 (6.8),23 (9.1)
,Asia,23 (47.9),44 (75.9),97 (66.0),164 (64.8)
,Europe,13 (27.1),8 (13.8),32 (21.8),53 (20.9)
,North America,2 (4.2),1 (1.7),3 (2.0),6 (2.4)
,South America,0 (0.0),0 (0.0),1 (0.7),1 (0.4)
,Oceania (Australia and the Pacific),1 (2.1),1 (1.7),4 (2.7),6 (2.4)
Familiarity with AI in healthcare,,,,,
,Not familiar at all,10 (20.8),7 (12.1),18 (12.2),35 (13.8)
,Somewhat familiar,16 (33.3),21 (36.2),49 (33.3),86 (34.0)
,Moderately familiar,12 (25.0),10 (17.2),27 (18.4),49 (19.4)
,Familiar,7 (14.6),11 (19.0),31 (21.1),49 (19.4)
,Very familiar,3 (6.2),9 (15.5),22 (15.0),34 (13.4)
Experience (professionals and developers only),,,,,
,Less than 1 year,-,23 (39.7),61 (41.5),84 (41.0)
,1-3 years,-,15 (25.9),52 (35.4),67 (32.7)
,4-6 years,-,5 (8.6),17 (11.6),22 (10.7)
,7-10 years,-,4 (6.9),11 (7.5),15 (7.3)
,More than 10 years,-,11 (19.0),4 (2.7),15 (7.3)
,Not answered,-,0 (0.0),2 (1.4),2 (1.0)
